id,name,date_of_birth,country,email,car_id,id,make,model,price
3,Addie,2022-06-02 00:00:00,Czech Republic,,,3,Oldsmobile,Cutlass Cruiser,"$94,242.77"
4,Sal,2021-12-30 00:00:00,United States,snovotni1@blogs.com,,4,Hyundai,Veracruz,"$57,429.78"
5,Rickert,2022-05-30 00:00:00,East Timor,rdoogan2@behance.net,,5,Suzuki,SJ,"$11,445.73"
6,Corbie,2022-05-24 00:00:00,United States,ceddowes3@unesco.org,,6,Mercedes-Benz,400E,"$75,533.31"
7,Aurie,2022-05-14 00:00:00,Argentina,awatkiss4@goo.ne.jp,,7,Volkswagen,Scirocco,"$54,121.57"
8,Christophorus,2022-02-12 00:00:00,Greece,cpedracci5@nytimes.com,,8,Cadillac,DeVille,"$21,590.97"
9,Jehanna,2022-04-11 00:00:00,United States,jseif6@upenn.edu,,9,Acura,Vigor,"$53,111.17"
10,Tab,2022-03-04 00:00:00,France,tlensch7@ted.com,,10,Oldsmobile,LSS,"$12,287.11"
11,Leandra,2022-03-13 00:00:00,Indonesia,,,11,GMC,Safari,"$36,378.42"
12,Seka,2022-02-11 00:00:00,Brazil,,,12,Mercedes-Benz,CL-Class,"$53,952.41"
13,Peirce,2021-11-21 00:00:00,Bulgaria,,,13,Mazda,Familia,"$79,278.23"
14,Toddy,2021-12-31 00:00:00,France,thumpheryb@bravesites.com,,14,Bentley,Continental,"$44,840.98"
15,Richmound,2022-05-04 00:00:00,Greece,rmccrearyc@ebay.co.uk,,15,Subaru,Forester,"$86,412.77"
16,Addy,2022-09-29 00:00:00,Russia,,,16,Ford,F350,"$32,971.92"
17,Wanids,2022-04-21 00:00:00,Ukraine,wespinoe@skype.com,,17,Aston Martin,V12 Vantage,"$69,158.24"
18,Liesa,2022-07-13 00:00:00,Japan,,,18,Chrysler,Sebring,"$50,009.21"
19,Derrek,2022-10-19 00:00:00,Jamaica,drounsefellg@exblog.jp,,19,Mitsubishi,Mirage,"$34,489.76"
20,Lennard,2022-03-22 00:00:00,Philippines,lsilberh@mysql.com,,20,Land Rover,Defender,"$29,205.92"
21,Kariotta,2022-10-03 00:00:00,Nigeria,,,21,Toyota,Tacoma,"$12,133.87"
22,Evaleen,2022-08-20 00:00:00,Moldova,espaulej@usgs.gov,,22,Buick,Skylark,"$31,959.62"
23,Jock,2022-05-10 00:00:00,France,jwhatlingk@shinystat.com,,23,Suzuki,Swift,"$76,252.97"
24,Joete,2021-11-30 00:00:00,Pakistan,jgaskampl@vk.com,,24,Volvo,S80,"$98,840.03"
25,Anallese,2022-02-08 00:00:00,China,,,25,Studebaker,Avanti,"$18,876.48"
26,Ive,2022-06-23 00:00:00,Indonesia,ikieran@friendfeed.com,,26,Dodge,Caravan,"$90,828.50"
27,Lisle,2021-12-27 00:00:00,Poland,ltuffreyo@digg.com,,27,Mitsubishi,Endeavor,"$59,371.09"
28,Toma,2022-02-10 00:00:00,Dominican Republic,tmembryp@mail.ru,,28,Jeep,Commander,"$93,537.88"
29,Jilly,2022-01-29 00:00:00,Russia,jgwylltq@constantcontact.com,,29,Mitsubishi,Lancer,"$24,548.01"
30,Amalita,2022-06-07 00:00:00,United Kingdom,astowgillr@census.gov,,30,Chevrolet,Camaro,"$87,773.61"
31,Niven,2022-03-02 00:00:00,China,ncrightons@cisco.com,,31,Chevrolet,Camaro,"$92,598.01"
32,Ranice,2022-02-23 00:00:00,Indonesia,rfairallt@cam.ac.uk,,32,Cadillac,Escalade EXT,"$26,450.55"
33,Nancey,2022-08-03 00:00:00,Philippines,nvanrembrandtu@facebook.com,,33,Jeep,Patriot,"$70,205.81"
34,Britt,2022-04-02 00:00:00,Indonesia,bcowperthwaitev@webmd.com,,34,Chrysler,Voyager,"$66,568.49"
35,Antonie,2022-01-17 00:00:00,China,,,35,BMW,Z4,"$42,319.97"
36,Carey,2022-08-21 00:00:00,South Korea,cbrilx@friendfeed.com,,36,Land Rover,Defender 90,"$91,316.17"
37,Hermie,2022-04-09 00:00:00,China,hvenarty@eventbrite.com,,37,Ford,Ranger,"$46,703.27"
38,Scarface,2022-03-24 00:00:00,Canada,,,38,Lotus,Esprit,"$68,381.02"
39,Delora,2022-09-18 00:00:00,Hungary,dluna10@ted.com,,39,Dodge,Ram 2500,"$54,504.75"
40,Deva,2022-02-03 00:00:00,Czech Republic,djex11@nps.gov,,40,Volkswagen,Jetta,"$87,343.74"
41,Maribeth,2022-01-24 00:00:00,Colombia,mpreedy12@auda.org.au,,41,Kia,Sorento,"$59,958.86"
42,Brittani,2022-01-15 00:00:00,Thailand,,,42,Suzuki,Esteem,"$98,801.06"
43,Vin,2022-03-18 00:00:00,Greece,,,43,MINI,MINI,"$41,981.46"
44,Paige,2021-12-22 00:00:00,Philippines,prushmare15@loc.gov,,44,Mercedes-Benz,GLK-Class,"$12,258.19"
45,Myron,2022-08-23 00:00:00,Haiti,mriseley16@howstuffworks.com,,45,Volkswagen,Jetta,"$51,589.62"
46,Rosemaria,2021-11-25 00:00:00,Indonesia,,,46,Ford,Thunderbird,"$66,826.76"
47,Ignatius,2022-09-01 00:00:00,Philippines,idayes18@army.mil,,47,Plymouth,Voyager,"$25,537.40"
48,Missie,2022-07-12 00:00:00,Indonesia,mrudyard19@elpais.com,,48,Lexus,IS,"$46,336.79"
49,Addison,2022-09-22 00:00:00,Poland,abarrar1a@nydailynews.com,,49,Suzuki,Daewoo Lacetti,"$78,704.59"
50,Fair,2022-05-17 00:00:00,Indonesia,fbaines1b@tmall.com,,50,Volkswagen,Jetta,"$54,703.84"
51,Mose,2022-02-08 00:00:00,Russia,mkruschov1c@hp.com,,51,Chevrolet,S10,"$11,228.35"
52,Rubi,2022-09-26 00:00:00,Russia,rcorbishley1d@furl.net,,52,Volkswagen,Touareg,"$45,031.34"
53,Lindsey,2022-06-27 00:00:00,Serbia,lmcerlaine1e@time.com,,53,Dodge,Grand Caravan,"$53,932.12"
54,Loralee,2022-04-29 00:00:00,Philippines,lfosken1f@homestead.com,,54,BMW,6 Series,"$74,651.53"
55,Sheila,2022-03-02 00:00:00,Brazil,swhittock1g@amazon.co.uk,,55,Mercedes-Benz,G-Class,"$71,624.04"
56,Malchy,2022-01-03 00:00:00,Azerbaijan,mstoffer1h@e-recht24.de,,56,MINI,Countryman,"$30,622.08"
57,Nan,2022-07-13 00:00:00,Japan,njouhan1i@google.com.br,,57,Suzuki,Forenza,"$58,485.08"
58,Arabele,2022-09-20 00:00:00,France,aperulli1j@cmu.edu,,58,Buick,Somerset,"$42,708.31"
59,Gerry,2022-05-05 00:00:00,United States,ghardwidge1k@163.com,,59,Mercury,Capri,"$45,170.73"
60,Johnnie,2022-07-16 00:00:00,Macedonia,jjosef1l@techcrunch.com,,60,Dodge,Charger,"$20,650.23"
61,Xenos,2022-03-19 00:00:00,China,xpoag1m@utexas.edu,,61,Buick,Park Avenue,"$36,277.45"
62,Cherilynn,2022-06-24 00:00:00,Poland,,,62,Mercury,Milan,"$38,869.28"
63,Angie,2022-01-21 00:00:00,France,,,63,Volvo,XC90,"$49,077.68"
64,Molli,2021-12-17 00:00:00,Brazil,,,64,Toyota,T100,"$69,596.83"
65,Teodorico,2022-06-30 00:00:00,Croatia,tsyddall1q@salon.com,,65,Dodge,Ram 1500,"$98,880.27"
66,Reuven,2021-11-18 00:00:00,Guinea,,,66,Mazda,Mazda6,"$48,052.10"
67,Alphard,2022-05-04 00:00:00,Poland,,,67,MINI,Clubman,"$70,875.89"
68,Gardie,2022-11-01 00:00:00,United States,gcouche1t@moonfruit.com,,68,Volvo,S80,"$46,582.75"
69,Carol,2021-12-07 00:00:00,Poland,cscothern1u@smh.com.au,,69,Buick,Somerset,"$71,024.21"
70,Malissia,2022-02-14 00:00:00,Croatia,,,70,Mitsubishi,Outlander,"$94,897.09"
71,Annabal,2022-09-02 00:00:00,Russia,ahenkmann1w@state.gov,,71,Mazda,MPV,"$87,366.44"
72,Brandy,2022-06-09 00:00:00,Tanzania,,,72,Land Rover,Range Rover,"$53,678.64"
73,Rem,2022-07-21 00:00:00,Russia,rstanbro1y@disqus.com,,73,Land Rover,Freelander,"$65,595.04"
74,Kara,2022-05-28 00:00:00,Pakistan,,,74,Plymouth,Grand Voyager,"$40,888.47"
75,Terri,2022-08-13 00:00:00,Russia,ttrembath20@i2i.jp,,75,BMW,X5,"$95,014.39"
76,Morie,2022-01-23 00:00:00,Indonesia,mfilipov21@bravesites.com,,76,Saab,9-5,"$83,385.20"
77,Jerrilee,2022-06-01 00:00:00,Ukraine,jleban22@howstuffworks.com,,77,Volkswagen,Golf,"$54,049.19"
78,Jareb,2022-06-19 00:00:00,China,jimorts23@addthis.com,,78,Dodge,Viper,"$49,561.68"
79,Sidoney,2021-11-22 00:00:00,Venezuela,stootal24@shareasale.com,,79,Ford,F450,"$65,809.67"
80,Gabriele,2022-07-11 00:00:00,China,gmalyon25@intel.com,,80,Chrysler,LeBaron,"$92,554.30"
81,Eleanora,2022-09-28 00:00:00,China,ebreit26@toplist.cz,,81,Oldsmobile,Silhouette,"$65,890.56"
82,Vannie,2021-12-23 00:00:00,Poland,vcapehorn27@indiatimes.com,,82,Chevrolet,Silverado,"$67,076.85"
83,Salvatore,2022-09-27 00:00:00,Poland,soxenham28@ft.com,,83,Mercedes-Benz,S-Class,"$69,902.81"
84,Randee,2022-05-22 00:00:00,Russia,,,84,Dodge,Stealth,"$18,697.68"
85,Meredeth,2022-03-12 00:00:00,Pakistan,mmariot2a@nps.gov,,85,Acura,TL,"$78,044.20"
86,Winnifred,2022-04-21 00:00:00,Philippines,,,86,Land Rover,LR2,"$95,619.72"
87,Dael,2022-06-08 00:00:00,Brazil,dlaverty2c@epa.gov,,87,Chevrolet,Suburban 1500,"$48,707.92"
88,Carroll,2022-03-06 00:00:00,Brazil,cpeffer2d@angelfire.com,,88,Chevrolet,Blazer,"$99,724.50"
89,Mahmud,2022-05-06 00:00:00,Russia,,,89,Aston Martin,DBS,"$46,157.97"
90,Lindsey,2022-03-10 00:00:00,Russia,lklossmann2f@ox.ac.uk,,90,GMC,Sierra 2500,"$48,843.87"
91,Ynez,2021-12-06 00:00:00,Portugal,,,91,Ford,Explorer Sport Trac,"$27,115.08"
92,Malvin,2021-11-20 00:00:00,China,,,92,Hyundai,Elantra,"$38,602.36"
93,Bastian,2022-02-11 00:00:00,Poland,blawford2i@nymag.com,,93,Ford,Mustang,"$43,635.68"
94,Neddy,2022-01-20 00:00:00,Slovenia,,,94,Nissan,Altima,"$22,925.45"
95,Joye,2022-02-08 00:00:00,Philippines,jgiacomello2k@feedburner.com,,95,Honda,Fit,"$83,104.47"
96,Jerrie,2022-04-09 00:00:00,Yemen,,,96,Suzuki,Forenza,"$23,580.79"
97,Nickolas,2022-01-29 00:00:00,Brazil,nwinsper2m@guardian.co.uk,,97,Subaru,Outback,"$99,910.72"
98,Kitty,2022-09-25 00:00:00,China,,,98,BMW,600,"$68,358.97"
99,Carrol,2022-11-04 00:00:00,Greece,chorsey2o@a8.net,,99,Volvo,S80,"$63,028.69"
100,Terry,2022-03-06 00:00:00,Croatia,tmedcalfe2p@paginegialle.it,,100,Chevrolet,Corvette,"$67,569.74"
396,Boonie,2022-02-09 00:00:00,Venezuela,,,396,Mercury,Grand Marquis,"$68,536.15"
101,Davin,2022-10-11 00:00:00,Brazil,dfabbro2q@berkeley.edu,,101,BMW,8 Series,"$50,250.96"
102,Theodoric,2022-11-04 00:00:00,Indonesia,tknibb2r@youtube.com,,102,Ford,F-Series,"$96,054.75"
103,Gun,2022-02-10 00:00:00,Mexico,,,103,Subaru,Justy,"$20,122.57"
104,Dorey,2022-04-29 00:00:00,China,dwidd2t@answers.com,,104,Chevrolet,Avalanche 1500,"$59,884.60"
105,Bellanca,2022-01-21 00:00:00,Poland,bstigers2u@123-reg.co.uk,,105,Chevrolet,Camaro,"$12,115.80"
106,Ancell,2022-02-03 00:00:00,Indonesia,ahug2v@nsw.gov.au,,106,Porsche,928,"$41,152.96"
107,Kahlil,2022-08-23 00:00:00,China,,,107,Oldsmobile,98,"$81,716.61"
108,Sheryl,2022-04-06 00:00:00,Republic of the Congo,smcintee2x@goodreads.com,,108,Mercedes-Benz,G55 AMG,"$48,436.56"
109,Margareta,2021-12-31 00:00:00,China,,,109,Morgan,Aero 8,"$37,163.27"
110,Ian,2022-04-06 00:00:00,Russia,,,110,Lincoln,MKX,"$24,391.37"
111,Onfroi,2022-04-04 00:00:00,Indonesia,,,111,Mazda,929,"$65,894.36"
112,Britni,2022-06-29 00:00:00,Indonesia,bbilbee31@instagram.com,,112,Mitsubishi,Mighty Max,"$94,938.85"
113,Frederic,2021-12-20 00:00:00,Antigua and Barbuda,fscallon32@mapy.cz,,113,Pontiac,Parisienne,"$82,806.75"
114,Dalli,2022-10-03 00:00:00,Madagascar,deyden33@macromedia.com,,114,Ford,F-Series,"$74,180.19"
115,Micki,2021-12-31 00:00:00,Indonesia,mhanse34@senate.gov,,115,Oldsmobile,Bravada,"$39,628.85"
116,Vaclav,2022-06-24 00:00:00,Canada,vhector35@squidoo.com,,116,Nissan,Quest,"$67,248.32"
117,Barny,2022-11-02 00:00:00,Argentina,bdelcastello36@imgur.com,,117,Cadillac,Eldorado,"$73,151.49"
118,Normy,2022-09-21 00:00:00,Burundi,nlartice37@over-blog.com,,118,Dodge,Ram 2500,"$39,544.85"
119,Klement,2022-05-13 00:00:00,Indonesia,krapier38@amazon.co.jp,,119,Volkswagen,Corrado,"$74,260.34"
120,Addy,2022-09-07 00:00:00,Mexico,afoye39@scribd.com,,120,Mazda,Mazda3,"$32,598.40"
121,Basilius,2022-02-13 00:00:00,Poland,bmary3a@harvard.edu,,121,Lincoln,LS,"$58,911.16"
122,Angie,2021-12-12 00:00:00,China,asammons3b@reference.com,,122,Dodge,Ram,"$84,088.61"
123,Basia,2022-07-16 00:00:00,France,bbiasetti3c@jigsy.com,,123,Nissan,Titan,"$28,673.02"
124,Justen,2022-11-03 00:00:00,Portugal,,,124,Ford,Ranger,"$10,825.28"
125,Agnes,2022-02-04 00:00:00,Russia,aschiell3e@trellian.com,,125,Infiniti,QX,"$81,162.64"
126,Vanya,2022-03-29 00:00:00,Ivory Coast,vyerlett3f@shinystat.com,,126,Kia,Forte,"$32,836.81"
127,Dorie,2022-01-12 00:00:00,Jamaica,dbrobak3g@netlog.com,,127,Toyota,Echo,"$56,899.63"
128,Saudra,2022-10-24 00:00:00,Finland,,,128,Scion,tC,"$92,652.87"
129,Dani,2022-02-20 00:00:00,United States,draggett3i@java.com,,129,Lexus,LX,"$12,686.56"
130,Rurik,2022-11-03 00:00:00,Russia,rrobottom3j@weather.com,,130,Oldsmobile,Bravada,"$44,447.94"
131,Brennen,2022-04-25 00:00:00,Russia,,,131,Ford,F150,"$25,767.38"
132,Agna,2022-10-14 00:00:00,Indonesia,alauga3l@virginia.edu,,132,Mercedes-Benz,E-Class,"$42,667.29"
133,Dario,2022-09-18 00:00:00,Argentina,,,133,Audi,S4,"$62,394.98"
134,Lorain,2022-11-12 00:00:00,Portugal,lhovenden3n@netlog.com,,134,Dodge,Viper,"$69,513.89"
135,Felita,2022-03-12 00:00:00,Philippines,fhollingdale3o@themeforest.net,,135,Mazda,Mazda6,"$13,166.95"
136,Ferdinanda,2022-08-06 00:00:00,Indonesia,fmccaughey3p@fema.gov,,136,Mercedes-Benz,S-Class,"$30,704.34"
137,Averill,2022-04-06 00:00:00,Brazil,ajaffra3q@senate.gov,,137,Cadillac,SRX,"$18,317.35"
138,Prue,2022-02-23 00:00:00,China,,,138,Mitsubishi,Galant,"$11,460.39"
139,Dahlia,2022-06-20 00:00:00,China,dvossing3s@bloomberg.com,,139,Plymouth,Prowler,"$80,819.28"
140,Melitta,2022-06-16 00:00:00,China,malmak3t@nps.gov,,140,Volkswagen,Passat,"$43,620.28"
141,Leonora,2021-11-19 00:00:00,Poland,,,141,Saturn,S-Series,"$87,407.54"
142,Trip,2022-03-22 00:00:00,China,tlongden3v@businessweek.com,,142,GMC,Sonoma,"$27,935.25"
143,Charleen,2022-02-11 00:00:00,Colombia,csparling3w@psu.edu,,143,Audi,S8,"$43,778.91"
144,Bird,2022-04-30 00:00:00,Indonesia,bensten3x@boston.com,,144,Chrysler,Cirrus,"$79,418.09"
145,Dosi,2022-07-28 00:00:00,Indonesia,dbartczak3y@icio.us,,145,Bentley,Continental Flying Spur,"$38,124.81"
146,Galvan,2022-06-19 00:00:00,Argentina,gextal3z@t-online.de,,146,Ford,F450,"$65,654.67"
147,Bruce,2022-01-03 00:00:00,France,bdarque40@typepad.com,,147,Subaru,Legacy,"$83,535.66"
148,Batsheva,2021-11-27 00:00:00,Montenegro,bcaile41@digg.com,,148,Hyundai,Scoupe,"$58,112.52"
149,Lorry,2022-06-11 00:00:00,Russia,lballham42@indiatimes.com,,149,Ford,Taurus,"$27,377.18"
150,Sissy,2022-03-07 00:00:00,France,sdiscombe43@mashable.com,,150,Infiniti,QX56,"$38,807.49"
151,Sonnnie,2021-12-29 00:00:00,Malaysia,smccurtin44@mashable.com,,151,Lotus,Esprit,"$21,673.44"
152,Paule,2022-06-09 00:00:00,Portugal,,,152,Volkswagen,Touareg,"$76,514.54"
153,Corena,2021-12-19 00:00:00,Greece,cfreer46@ucoz.ru,,153,Pontiac,Bonneville,"$84,647.24"
154,Cissy,2022-05-01 00:00:00,Indonesia,cdallemore47@ameblo.jp,,154,Mazda,Mazda6,"$84,802.05"
155,Kathryne,2021-12-11 00:00:00,China,,,155,GMC,Savana,"$26,211.71"
156,Inesita,2022-08-19 00:00:00,South Africa,,,156,Cadillac,Escalade ESV,"$57,877.47"
157,Charity,2022-10-23 00:00:00,Indonesia,cmoores4a@sfgate.com,,157,Ford,Mustang,"$18,168.87"
158,Johanna,2022-07-26 00:00:00,Sri Lanka,jtregensoe4b@si.edu,,158,Cadillac,Allante,"$69,102.20"
159,Ariadne,2022-06-16 00:00:00,Philippines,apundy4c@si.edu,,159,GMC,Rally Wagon 1500,"$24,492.83"
160,Adriana,2022-08-20 00:00:00,Mongolia,amyrick4d@nbcnews.com,,160,Pontiac,Grand Prix,"$52,677.31"
161,Brook,2022-08-12 00:00:00,Russia,,,161,Toyota,Xtra,"$59,392.82"
162,Bobby,2022-09-23 00:00:00,Russia,bwesgate4f@dot.gov,,162,Mazda,RX-8,"$11,634.14"
163,Ive,2021-12-31 00:00:00,France,inoddles4g@wp.com,,163,Subaru,Forester,"$15,860.61"
164,Dominic,2022-07-04 00:00:00,Philippines,,,164,MINI,Cooper Clubman,"$66,693.90"
165,Adriano,2022-08-13 00:00:00,Canada,amabbe4i@goodreads.com,,165,Saturn,Outlook,"$31,366.11"
166,Tyrus,2021-12-26 00:00:00,Portugal,tfitzgibbon4j@nyu.edu,,166,Volkswagen,New Beetle,"$26,791.87"
167,Artus,2022-10-23 00:00:00,South Korea,,,167,Mazda,MPV,"$18,748.64"
168,Arne,2022-05-24 00:00:00,Indonesia,,,168,Volkswagen,GTI,"$46,229.14"
169,Eolanda,2022-09-10 00:00:00,Indonesia,eelverstone4m@bravesites.com,,169,Ford,ZX2,"$16,136.67"
170,Waylin,2022-10-10 00:00:00,China,wbachura4n@livejournal.com,,170,Nissan,Titan,"$96,423.22"
171,Ezmeralda,2022-01-06 00:00:00,Ukraine,enewcomb4o@sourceforge.net,,171,Mercury,Cougar,"$82,578.92"
172,Kameko,2022-08-30 00:00:00,China,kemmerson4p@accuweather.com,,172,Volkswagen,Fox,"$27,685.38"
173,Star,2022-02-03 00:00:00,Vietnam,sfurney4q@gnu.org,,173,GMC,2500,"$92,631.52"
174,Flss,2022-03-05 00:00:00,Peru,,,174,Mercury,Mystique,"$25,198.45"
175,Salome,2022-01-04 00:00:00,China,smanginot4s@harvard.edu,,175,Ford,Tempo,"$55,747.56"
176,Cece,2022-01-07 00:00:00,Ukraine,clugton4t@mtv.com,,176,GMC,Sonoma,"$35,378.40"
177,Eberhard,2022-06-18 00:00:00,Bulgaria,erundall4u@ed.gov,,177,Cadillac,SRX,"$99,290.64"
178,Cullin,2022-10-26 00:00:00,Czech Republic,cseif4v@behance.net,,178,Maybach,57,"$89,021.86"
179,Jeannette,2022-05-23 00:00:00,Australia,junderwood4w@illinois.edu,,179,Pontiac,Firefly,"$25,215.99"
180,Tawsha,2022-07-31 00:00:00,Indonesia,tberrey4x@illinois.edu,,180,Mitsubishi,Mirage,"$93,078.40"
181,Quillan,2021-12-17 00:00:00,Brazil,qerskin4y@earthlink.net,,181,Mazda,929,"$66,157.38"
182,Ruth,2022-01-21 00:00:00,Egypt,,,182,Porsche,968,"$84,592.36"
183,Crin,2022-03-05 00:00:00,Norway,colczyk50@google.com.au,,183,Buick,Park Avenue,"$96,637.84"
184,Isaac,2022-03-10 00:00:00,Indonesia,ikellegher51@google.es,,184,BMW,1 Series,"$63,590.94"
185,Gypsy,2022-01-27 00:00:00,France,ghansley52@google.com.hk,,185,Suzuki,Aerio,"$18,487.97"
186,Rosalia,2022-01-04 00:00:00,Indonesia,rcutcliffe53@4shared.com,,186,Mercury,Sable,"$76,865.71"
187,Carroll,2022-11-08 00:00:00,Slovenia,cminelli54@geocities.com,,187,Chevrolet,S10,"$42,047.17"
188,Gary,2021-12-25 00:00:00,Indonesia,gartz55@ycombinator.com,,188,Buick,Regal,"$63,988.99"
189,Galen,2022-09-16 00:00:00,Portugal,gdoerren56@nps.gov,,189,Buick,Lucerne,"$32,560.37"
190,Emelda,2022-06-20 00:00:00,China,,,190,Toyota,Land Cruiser,"$93,137.36"
191,Ermanno,2022-09-21 00:00:00,Armenia,emcard58@google.com,,191,Dodge,Ram Van 2500,"$81,477.40"
192,Cornell,2021-11-25 00:00:00,Dominican Republic,cjirzik59@homestead.com,,192,Chrysler,PT Cruiser,"$62,213.07"
193,Erma,2022-09-09 00:00:00,Greece,,,193,Mercedes-Benz,SLK-Class,"$53,608.51"
194,Karleen,2022-09-07 00:00:00,China,kthorneloe5b@zimbio.com,,194,Mercedes-Benz,R-Class,"$47,344.84"
195,Kalila,2022-03-14 00:00:00,Philippines,kmcgragh5c@photobucket.com,,195,Chevrolet,Corvette,"$90,615.68"
196,Diena,2022-04-22 00:00:00,Indonesia,dzapatero5d@state.tx.us,,196,Pontiac,Safari,"$97,247.47"
197,Chaddy,2022-06-29 00:00:00,Luxembourg,,,197,GMC,Jimmy,"$47,606.95"
198,Rodrick,2022-01-14 00:00:00,Philippines,rpilgrim5f@exblog.jp,,198,Audi,A8,"$80,991.73"
698,Pedro,2022-09-08 00:00:00,Russia,,,698,Volkswagen,rio,"$60,380.71"
199,Benjamen,2022-01-18 00:00:00,Czech Republic,bgalbraeth5g@digg.com,,199,Chevrolet,Sportvan G30,"$22,365.58"
200,Darda,2021-12-09 00:00:00,China,dhayesman5h@etsy.com,,200,Plymouth,Breeze,"$97,877.90"
201,Esteban,2022-04-13 00:00:00,China,eeager5i@samsung.com,,201,GMC,Suburban 2500,"$85,560.49"
202,Lorianne,2022-05-30 00:00:00,Indonesia,lfarrance5j@imageshack.us,,202,Isuzu,i-370,"$74,766.11"
203,Zaria,2022-07-24 00:00:00,Ethiopia,zravilious5k@ebay.com,,203,BMW,X3,"$14,938.87"
204,Edi,2022-05-22 00:00:00,Morocco,emcnaught5l@wired.com,,204,BMW,5 Series,"$22,789.64"
205,Adlai,2022-03-02 00:00:00,Czech Republic,,,205,Saturn,VUE,"$30,970.15"
206,Zonda,2022-03-14 00:00:00,France,zhansom5n@sciencedaily.com,,206,Dodge,Dakota,"$19,465.76"
207,Salvatore,2022-08-06 00:00:00,China,swolton5o@google.co.uk,,207,Saab,900,"$34,813.82"
208,Jo-ann,2022-10-26 00:00:00,China,jgeorgius5p@hexun.com,,208,Chevrolet,Corvette,"$11,364.28"
209,Julee,2022-01-27 00:00:00,Russia,,,209,Honda,Civic,"$36,783.31"
210,Michal,2021-11-28 00:00:00,Jordan,,,210,Mercury,Mariner,"$29,268.90"
211,Violette,2022-11-11 00:00:00,Indonesia,,,211,Ford,F350,"$89,967.58"
212,Maryellen,2022-04-15 00:00:00,Indonesia,mlasslett5t@npr.org,,212,GMC,Sierra 3500,"$21,846.20"
213,Ula,2021-12-10 00:00:00,Germany,uvogeller5u@epa.gov,,213,Chevrolet,Express,"$53,073.24"
214,Atalanta,2022-04-07 00:00:00,Greece,,,214,Mercury,Mountaineer,"$57,456.32"
215,Lotta,2021-11-28 00:00:00,Dominica,lgornal5w@umn.edu,,215,Infiniti,I,"$89,825.82"
216,Verene,2021-12-15 00:00:00,China,voganian5x@ifeng.com,,216,GMC,Safari,"$27,376.40"
217,Liva,2022-06-18 00:00:00,Poland,lcasement5y@spiegel.de,,217,Chevrolet,Astro,"$68,457.28"
218,Tracey,2022-03-24 00:00:00,China,,,218,Chevrolet,Silverado 2500,"$69,303.69"
219,Andi,2022-02-28 00:00:00,Sweden,abellew60@ezinearticles.com,,219,Dodge,Grand Caravan,"$71,379.79"
220,Hyacinthia,2022-04-24 00:00:00,Canada,hpeegrem61@umn.edu,,220,Chevrolet,Tahoe,"$81,180.49"
221,Hercules,2022-10-25 00:00:00,Montenegro,hgreguoli62@canalblog.com,,221,Oldsmobile,Silhouette,"$76,824.88"
222,Marion,2022-05-08 00:00:00,Kenya,myurocjhin63@diigo.com,,222,Mercedes-Benz,G-Class,"$15,562.43"
223,Burch,2022-02-27 00:00:00,China,bbroadist64@dailymotion.com,,223,Ford,LTD Crown Victoria,"$79,466.78"
224,Enrico,2022-07-20 00:00:00,Iran,estallard65@sphinn.com,,224,Chrysler,300M,"$43,150.02"
225,Leola,2022-08-20 00:00:00,China,lschober66@walmart.com,,225,Lamborghini,Murci√©lago,"$31,278.36"
226,Lisabeth,2022-06-19 00:00:00,United States,lrosling67@cbc.ca,,226,Volkswagen,Golf,"$29,566.47"
227,Amberly,2021-12-08 00:00:00,Sweden,amolan68@miitbeian.gov.cn,,227,Suzuki,SJ,"$83,763.58"
228,Dean,2022-07-10 00:00:00,Uganda,dputton69@ocn.ne.jp,,228,Ford,Expedition EL,"$99,449.49"
229,Oralia,2022-01-02 00:00:00,China,ohugle6a@cnn.com,,229,Kia,Rio,"$72,531.85"
230,Haywood,2021-12-04 00:00:00,Mongolia,,,230,Mercedes-Benz,CL-Class,"$49,676.02"
231,Merv,2021-11-25 00:00:00,China,,,231,Porsche,Boxster,"$43,134.14"
232,Roda,2022-08-22 00:00:00,Greece,rcaulcott6d@shinystat.com,,232,Ford,Contour,"$76,180.37"
233,Glenda,2021-11-16 00:00:00,China,gsalsberg6e@pinterest.com,,233,Shelby,GT500,"$58,968.92"
234,Brigit,2022-03-02 00:00:00,Jamaica,blindroos6f@usa.gov,,234,Lincoln,Navigator,"$99,627.76"
235,Burtie,2022-06-10 00:00:00,China,,,235,Mercedes-Benz,SLK-Class,"$85,071.23"
236,Shurwood,2022-04-20 00:00:00,China,saddekin6h@symantec.com,,236,Lexus,SC,"$40,149.84"
237,Sylvester,2022-05-04 00:00:00,Indonesia,,,237,Chrysler,Town & Country,"$63,589.48"
238,Augustus,2022-01-20 00:00:00,Greece,,,238,Mercury,Topaz,"$80,953.71"
239,Rustie,2022-07-01 00:00:00,Indonesia,,,239,Lotus,Elan,"$92,434.87"
240,Avram,2022-05-21 00:00:00,France,atrowill6l@unblog.fr,,240,Ford,Thunderbird,"$19,690.63"
241,Base,2022-01-10 00:00:00,Tajikistan,bgilford6m@webmd.com,,241,Suzuki,Swift,"$23,157.89"
242,Katlin,2022-09-15 00:00:00,Israel,kgerring6n@squidoo.com,,242,Hyundai,Equus,"$78,682.23"
243,Janela,2022-07-18 00:00:00,United States,jbiasi6o@bloglovin.com,,243,Ford,Escape,"$76,982.96"
244,Averyl,2022-06-01 00:00:00,Kyrgyzstan,agaitone6p@imgur.com,,244,Cadillac,SRX,"$13,926.54"
245,Celisse,2021-11-26 00:00:00,French Polynesia,,,245,Kia,Optima,"$70,272.75"
246,Konstanze,2022-05-05 00:00:00,Malaysia,klestrange6r@wufoo.com,,246,Mercury,Cougar,"$76,293.89"
247,Arliene,2022-10-17 00:00:00,Honduras,aryce6s@amazon.co.jp,,247,Acura,NSX,"$47,729.68"
248,Shell,2022-04-10 00:00:00,Malaysia,sschober6t@oracle.com,,248,Chevrolet,S10,"$10,123.40"
249,Maren,2022-08-21 00:00:00,Brazil,mhartzogs6u@comsenz.com,,249,Mercury,Mystique,"$76,334.15"
250,Ariella,2022-02-19 00:00:00,Honduras,,,250,Volkswagen,Routan,"$68,889.77"
251,Rube,2021-12-07 00:00:00,Japan,rduligall6w@google.fr,,251,Ford,Thunderbird,"$52,139.91"
252,Gan,2022-07-03 00:00:00,China,gdane6x@nasa.gov,,252,Nissan,Rogue,"$72,771.71"
253,Ardene,2022-01-26 00:00:00,Argentina,ahaylands6y@timesonline.co.uk,,253,Daihatsu,Rocky,"$78,267.91"
254,Ingmar,2022-05-26 00:00:00,China,,,254,Lexus,RX,"$52,781.33"
255,Angie,2022-04-16 00:00:00,Argentina,aluggar70@homestead.com,,255,BMW,M Roadster,"$87,007.66"
256,Teresina,2021-12-26 00:00:00,China,tkearney71@slashdot.org,,256,Toyota,Tacoma,"$70,463.37"
257,Dulciana,2022-09-26 00:00:00,Micronesia,dgibbeson72@loc.gov,,257,Mitsubishi,Pajero,"$86,873.94"
258,Feodora,2021-12-10 00:00:00,Costa Rica,fmcgaughie73@toplist.cz,,258,Lexus,SC,"$34,030.43"
259,Blinni,2022-08-30 00:00:00,Canada,bgullick74@friendfeed.com,,259,Buick,Roadmaster,"$39,767.49"
260,Gonzalo,2021-12-12 00:00:00,Indonesia,gscrogges75@mtv.com,,260,Pontiac,Montana SV6,"$96,615.93"
261,Rochester,2022-05-07 00:00:00,Czech Republic,rringham76@vk.com,,261,Chrysler,LHS,"$54,369.14"
262,Madelaine,2022-02-26 00:00:00,Tunisia,mparrington77@who.int,,262,Pontiac,Sunbird,"$96,329.55"
263,Evangelina,2021-12-04 00:00:00,Pakistan,earlidge78@fotki.com,,263,Toyota,Solara,"$10,646.31"
264,Ginevra,2022-07-31 00:00:00,Russia,ghurley79@angelfire.com,,264,Cadillac,XLR,"$64,477.23"
265,Jewel,2022-10-20 00:00:00,Guatemala,jander7a@xinhuanet.com,,265,Nissan,Sentra,"$75,986.25"
266,Amalle,2022-06-28 00:00:00,Egypt,amaffini7b@unicef.org,,266,Lotus,Esprit,"$51,283.25"
267,Adda,2022-02-17 00:00:00,Mexico,ahaddy7c@discovery.com,,267,Lotus,Evora,"$76,955.82"
268,Hershel,2022-02-09 00:00:00,Venezuela,,,268,Lexus,LS Hybrid,"$23,078.83"
269,Ladonna,2021-11-22 00:00:00,Indonesia,lechalie7e@spiegel.de,,269,Chrysler,Crossfire,"$15,162.56"
270,Erskine,2022-07-16 00:00:00,China,,,270,Acura,RL,"$76,902.97"
271,Dora,2022-03-16 00:00:00,China,ddust7g@sphinn.com,,271,Chevrolet,Express 3500,"$86,297.27"
272,Israel,2022-06-16 00:00:00,United States,iheinig7h@un.org,,272,Mercedes-Benz,300CE,"$17,552.52"
273,Carlene,2021-11-27 00:00:00,Poland,cbarthorpe7i@nps.gov,,273,Scion,xB,"$88,898.63"
274,Libbie,2022-05-18 00:00:00,France,,,274,Dodge,Ram 1500,"$18,627.01"
275,Florian,2022-10-25 00:00:00,China,,,275,Dodge,Stratus,"$17,720.56"
276,Harley,2022-10-03 00:00:00,China,hmaccambridge7l@bluehost.com,,276,Ford,Taurus X,"$64,007.24"
277,Storm,2021-11-14 00:00:00,Indonesia,srowlstone7m@reddit.com,,277,Toyota,4Runner,"$83,279.98"
278,Ruth,2022-07-16 00:00:00,Greece,rnevitt7n@nps.gov,,278,Saturn,L-Series,"$26,638.46"
279,Yetta,2022-09-21 00:00:00,Greece,,,279,Cadillac,CTS,"$85,175.81"
280,Minnie,2022-06-14 00:00:00,South Korea,mpavolillo7p@moonfruit.com,,280,Mercedes-Benz,500E,"$16,419.43"
281,Timotheus,2022-10-10 00:00:00,Czech Republic,tevetts7q@newsvine.com,,281,Dodge,Dakota,"$75,741.54"
282,Hadleigh,2021-11-21 00:00:00,Georgia,,,282,Plymouth,Voyager,"$32,815.39"
283,Van,2022-10-28 00:00:00,Indonesia,vwestphalen7s@cyberchimps.com,,283,Chevrolet,G-Series 2500,"$26,125.21"
284,Tuckie,2021-12-12 00:00:00,Nigeria,,,284,Toyota,RAV4,"$94,584.26"
285,Ber,2022-05-27 00:00:00,New Zealand,bbenoey7u@pen.io,,285,Fillmore,Fillmore,"$28,439.07"
286,Kimbell,2021-12-31 00:00:00,France,kkleinstub7v@trellian.com,,286,Mercedes-Benz,Sprinter,"$31,928.44"
287,Otto,2022-06-06 00:00:00,Greece,,,287,Lotus,Esprit,"$33,476.43"
288,Angil,2022-10-14 00:00:00,Indonesia,araubenheimers7x@eepurl.com,,288,Ford,Aerostar,"$80,295.08"
289,Rory,2022-03-21 00:00:00,China,rabercromby7y@twitter.com,,289,Pontiac,Bonneville,"$46,782.54"
290,Greer,2022-06-01 00:00:00,China,ggorling7z@yahoo.co.jp,,290,Audi,riolet,"$10,338.23"
291,Nerta,2022-06-29 00:00:00,Colombia,ncoolbear80@soundcloud.com,,291,Acura,RL,"$93,796.32"
292,Val,2022-08-07 00:00:00,China,vohear81@google.it,,292,Chevrolet,Colorado,"$75,039.98"
293,Culley,2022-01-04 00:00:00,Poland,cseabridge82@trellian.com,,293,Dodge,Ram 2500,"$58,623.06"
294,Ambros,2022-07-03 00:00:00,China,alakes83@howstuffworks.com,,294,Nissan,240SX,"$97,563.10"
295,Victor,2022-06-20 00:00:00,Tajikistan,vleathwood84@jugem.jp,,295,Mercury,Cougar,"$19,371.85"
296,Lena,2022-01-29 00:00:00,Venezuela,ljorg85@cocolog-nifty.com,,296,Ford,Tempo,"$59,259.53"
297,Nikita,2022-02-05 00:00:00,China,nsmails86@privacy.gov.au,,297,Mercedes-Benz,C-Class,"$31,518.86"
298,Sheridan,2022-02-09 00:00:00,China,snisius87@narod.ru,,298,Pontiac,Firebird,"$26,976.46"
299,Greggory,2022-01-10 00:00:00,China,gfalcus88@bloglines.com,,299,Chevrolet,Astro,"$46,773.94"
300,Johannes,2022-05-07 00:00:00,Colombia,,,300,Saturn,Aura,"$61,187.77"
301,Husain,2022-03-18 00:00:00,Russia,hparadis8a@dyndns.org,,301,Dodge,Shadow,"$98,097.02"
302,Peyton,2022-07-16 00:00:00,Philippines,,,302,Toyota,Tundra,"$33,923.63"
303,Pyotr,2022-01-26 00:00:00,Portugal,pdunsford8c@is.gd,,303,Chevrolet,Corvette,"$58,499.12"
304,Efrem,2022-01-16 00:00:00,Venezuela,emateescu8d@163.com,,304,Honda,Accord,"$18,990.35"
305,Jervis,2022-06-01 00:00:00,Croatia,jfaughny8e@foxnews.com,,305,Ford,E150,"$89,835.99"
306,Leroi,2022-01-31 00:00:00,Japan,lcoiley8f@nasa.gov,,306,BMW,7 Series,"$80,094.64"
307,Lanny,2022-06-15 00:00:00,Canada,lstandbridge8g@angelfire.com,,307,Toyota,Yaris,"$70,862.56"
308,Giacinta,2021-12-30 00:00:00,United States,,,308,Acura,RL,"$59,890.21"
309,Hanny,2021-12-27 00:00:00,Philippines,hcoxhell8i@tinyurl.com,,309,Mitsubishi,Starion,"$36,130.58"
310,Elysha,2022-04-27 00:00:00,Kazakhstan,egentner8j@canalblog.com,,310,GMC,Sonoma Club,"$23,275.90"
311,Agnola,2022-06-07 00:00:00,Ireland,awestney8k@europa.eu,,311,Lexus,IS,"$32,376.66"
312,Jilly,2022-07-08 00:00:00,Czech Republic,,,312,Volkswagen,Eurovan,"$58,252.50"
313,Tillie,2022-01-07 00:00:00,Japan,tmilberry8m@un.org,,313,Lamborghini,Gallardo,"$47,160.37"
314,Tressa,2022-07-21 00:00:00,Malaysia,twardingley8n@elegantthemes.com,,314,Buick,Century,"$36,958.68"
315,Kylen,2022-05-06 00:00:00,China,,,315,Buick,Regal,"$91,114.38"
316,Lisa,2022-06-22 00:00:00,Uganda,lernshaw8p@soundcloud.com,,316,Mercedes-Benz,300TE,"$55,236.95"
317,Bibby,2022-01-04 00:00:00,Indonesia,bcinavas8q@miitbeian.gov.cn,,317,Toyota,Tundra,"$66,595.21"
318,Maynard,2022-09-19 00:00:00,Ukraine,mprover8r@illinois.edu,,318,Chevrolet,Silverado 1500,"$86,647.85"
319,Brynna,2021-12-13 00:00:00,Poland,bwash8s@time.com,,319,Mitsubishi,Eclipse,"$67,855.28"
320,Marco,2022-10-14 00:00:00,United States,mwreath8t@princeton.edu,,320,Ford,Explorer Sport Trac,"$58,973.85"
321,Nels,2022-11-10 00:00:00,Honduras,,,321,Ford,F250,"$80,581.68"
322,Khalil,2022-08-25 00:00:00,Bolivia,kmacnulty8v@nifty.com,,322,Chrysler,New Yorker,"$66,789.95"
323,Tom,2022-10-04 00:00:00,China,twardle8w@imdb.com,,323,Mercedes-Benz,S-Class,"$35,901.38"
324,Laina,2022-04-27 00:00:00,Czech Republic,labbotson8x@bizjournals.com,,324,Land Rover,Range Rover,"$19,291.91"
325,Ailey,2022-11-09 00:00:00,Ukraine,aleifer8y@gmpg.org,,325,Nissan,Pathfinder,"$31,402.33"
326,Saleem,2022-06-02 00:00:00,China,skirkland8z@ow.ly,,326,Jaguar,X-Type,"$15,219.76"
327,Maude,2021-11-17 00:00:00,Norway,mramm90@cpanel.net,,327,Ford,Club Wagon,"$17,580.49"
328,Virginie,2022-04-03 00:00:00,China,vogles91@myspace.com,,328,Mercedes-Benz,SL-Class,"$27,556.36"
329,Donny,2022-01-16 00:00:00,China,,,329,Daewoo,Leganza,"$83,675.36"
330,Marika,2022-05-08 00:00:00,China,mhuntriss93@thetimes.co.uk,,330,Mazda,Familia,"$96,822.43"
331,Adriano,2022-03-04 00:00:00,United States,athorlby94@cbc.ca,,331,Mazda,Mazda6,"$44,444.15"
332,Jens,2022-03-02 00:00:00,Burkina Faso,jhatje95@creativecommons.org,,332,Porsche,968,"$79,060.04"
333,Marlane,2022-08-20 00:00:00,Ireland,mmurrigans96@xrea.com,,333,Lexus,SC,"$12,541.76"
334,Kristine,2022-11-03 00:00:00,Colombia,,,334,Lexus,ES,"$39,359.06"
335,Zsa zsa,2022-01-17 00:00:00,Zimbabwe,zdemicoli98@altervista.org,,335,Buick,Riviera,"$43,583.82"
336,Seamus,2022-10-18 00:00:00,China,sfarrier99@hugedomains.com,,336,GMC,3500 Club Coupe,"$32,256.95"
337,Allegra,2022-10-26 00:00:00,China,abaxill9a@hostgator.com,,337,Infiniti,I,"$84,051.37"
338,Robenia,2022-01-15 00:00:00,China,rmccurdy9b@cpanel.net,,338,Mercury,Grand Marquis,"$23,605.90"
339,Cullen,2022-02-17 00:00:00,Morocco,cbittany9c@netlog.com,,339,Volvo,S40,"$69,078.83"
340,Horacio,2022-05-18 00:00:00,South Korea,hsmalecombe9d@about.me,,340,Toyota,Camry,"$84,807.41"
341,Bobine,2022-04-21 00:00:00,China,,,341,Volvo,850,"$44,655.66"
342,Cheryl,2022-08-06 00:00:00,United States,cocannovane9f@uol.com.br,,342,Volkswagen,Golf,"$25,998.38"
343,Jori,2022-11-02 00:00:00,Sweden,,,343,Land Rover,Defender,"$35,911.84"
344,Maude,2022-07-26 00:00:00,China,mcherm9h@state.tx.us,,344,Infiniti,Q,"$27,335.41"
345,Wendel,2022-06-29 00:00:00,China,wjunkin9i@nytimes.com,,345,GMC,Jimmy,"$15,211.95"
346,Rhodie,2022-03-14 00:00:00,China,rgreenrde9j@clickbank.net,,346,Cadillac,Escalade EXT,"$74,364.13"
347,Elmo,2022-11-12 00:00:00,China,,,347,Toyota,Avalon,"$33,195.33"
348,Kelsi,2022-03-04 00:00:00,Indonesia,kchaulk9l@trellian.com,,348,Saturn,S-Series,"$96,690.92"
349,Gareth,2022-04-04 00:00:00,Uganda,gvanarsdale9m@tripadvisor.com,,349,Mitsubishi,Galant,"$62,676.09"
350,Benedikt,2022-11-04 00:00:00,Ukraine,,,350,Audi,A7,"$55,002.99"
351,Talya,2022-02-25 00:00:00,Russia,tdaybell9o@g.co,,351,Chevrolet,Camaro,"$68,858.92"
352,Flem,2022-07-20 00:00:00,Philippines,,,352,Saab,9-7X,"$39,029.90"
353,Em,2022-01-07 00:00:00,Sweden,elapham9q@ihg.com,,353,Suzuki,Forenza,"$62,517.66"
354,Gabe,2021-12-29 00:00:00,China,gainsbury9r@booking.com,,354,Mazda,B-Series,"$53,870.31"
355,Fan,2022-05-02 00:00:00,Bosnia and Herzegovina,fnuschke9s@w3.org,,355,Suzuki,Swift,"$54,360.89"
356,Virgie,2022-07-27 00:00:00,Guatemala,vwinstone9t@forbes.com,,356,Infiniti,Q,"$66,245.19"
357,Mozes,2022-02-05 00:00:00,Nigeria,mcregeen9u@nymag.com,,357,Kia,Sephia,"$52,603.51"
358,Rufe,2022-05-03 00:00:00,Chad,rbasinigazzi9v@yelp.com,,358,Mazda,Mazdaspeed 3,"$48,861.09"
359,Alane,2022-06-26 00:00:00,Ukraine,ahaws9w@home.pl,,359,MINI,Countryman,"$26,753.59"
360,Roxane,2022-06-12 00:00:00,Japan,rrubie9x@baidu.com,,360,Ford,Escort,"$51,191.43"
361,Dimitry,2022-01-07 00:00:00,Niger,,,361,GMC,Rally Wagon 3500,"$55,500.09"
362,Alvin,2022-05-30 00:00:00,Indonesia,aendean9z@hugedomains.com,,362,Toyota,Tacoma Xtra,"$71,892.04"
363,Olivette,2022-04-21 00:00:00,Indonesia,othorouggooda0@sakura.ne.jp,,363,Jeep,Wrangler,"$89,945.92"
364,Maury,2022-07-20 00:00:00,Russia,mcleminshawa1@fc2.com,,364,Porsche,911,"$84,327.61"
365,Normie,2022-09-04 00:00:00,China,ndillicatea2@utexas.edu,,365,Ford,F250,"$23,982.08"
366,Ody,2022-04-10 00:00:00,Indonesia,,,366,BMW,X3,"$32,358.88"
367,Laird,2022-07-18 00:00:00,Bolivia,,,367,Porsche,911,"$82,503.31"
368,Bennett,2022-05-04 00:00:00,China,bdonnellya5@linkedin.com,,368,Mercedes-Benz,SLR McLaren,"$52,156.03"
369,Del,2022-03-23 00:00:00,Philippines,dwoodyatta6@ebay.co.uk,,369,Chevrolet,2500,"$51,422.48"
370,Barbara-anne,2022-01-12 00:00:00,China,bclementeta7@dedecms.com,,370,GMC,Savana,"$64,091.28"
371,Silvana,2022-11-06 00:00:00,New Zealand,squesta8@domainmarket.com,,371,Plymouth,Breeze,"$62,750.92"
372,Stanton,2022-04-18 00:00:00,Indonesia,,,372,Plymouth,Sundance,"$64,749.87"
373,Rosina,2021-12-16 00:00:00,China,,,373,Mercury,Grand Marquis,"$69,840.38"
374,Alister,2022-01-04 00:00:00,Afghanistan,,,374,Pontiac,G6,"$37,004.48"
375,Stesha,2022-11-04 00:00:00,Mexico,svockingsac@imdb.com,,375,Chevrolet,Equinox,"$96,543.84"
376,Marcela,2022-03-20 00:00:00,Indonesia,,,376,GMC,Savana 1500,"$99,441.58"
377,Mathe,2022-10-20 00:00:00,China,mmcgrearyae@taobao.com,,377,BMW,3 Series,"$96,911.32"
378,Ainsley,2021-11-23 00:00:00,Argentina,amanthaaf@people.com.cn,,378,Toyota,Corolla,"$88,299.12"
379,Allix,2021-11-16 00:00:00,China,abeethamag@techcrunch.com,,379,Volkswagen,GTI,"$89,910.39"
380,Ryann,2022-05-14 00:00:00,Indonesia,raberhartah@webs.com,,380,Mercury,Cougar,"$18,375.53"
381,Dorotea,2022-07-22 00:00:00,Canada,dellseai@ibm.com,,381,Ford,Tempo,"$24,121.53"
382,Danyelle,2022-04-09 00:00:00,South Korea,dsarsonaj@merriam-webster.com,,382,GMC,Suburban 1500,"$43,581.46"
383,Jayson,2022-03-08 00:00:00,Uzbekistan,jgylesak@zimbio.com,,383,Toyota,4Runner,"$30,901.85"
384,Carena,2022-08-21 00:00:00,Philippines,,,384,Pontiac,Grand Prix,"$62,212.27"
385,Korella,2021-12-24 00:00:00,United States,kstylesam@free.fr,,385,Ford,Escort,"$66,368.40"
386,Ibbie,2022-06-23 00:00:00,Poland,ibordissan@livejournal.com,,386,Land Rover,Sterling,"$59,868.59"
387,Melinde,2022-02-11 00:00:00,Colombia,,,387,Chevrolet,Silverado,"$66,465.18"
388,Peirce,2022-03-21 00:00:00,Indonesia,pevasonap@hhs.gov,,388,Audi,Coupe GT,"$84,916.41"
389,Hew,2022-05-06 00:00:00,Portugal,hchirmaq@cargocollective.com,,389,Pontiac,Firefly,"$28,224.34"
390,Demott,2022-11-09 00:00:00,Vietnam,dtolemachear@ovh.net,,390,Toyota,Highlander,"$11,923.66"
391,Julie,2022-02-09 00:00:00,Norway,,,391,Lincoln,Continental Mark VII,"$25,648.91"
392,Malinde,2022-04-09 00:00:00,Philippines,mjoskowiczat@privacy.gov.au,,392,Toyota,Sienna,"$65,179.56"
393,Aila,2022-01-03 00:00:00,Czech Republic,,,393,Cadillac,Eldorado,"$33,791.00"
394,Cathryn,2022-08-21 00:00:00,Portugal,,,394,Nissan,Sentra,"$83,734.99"
395,Bellina,2021-11-18 00:00:00,France,bandreasenaw@edublogs.org,,395,Mercedes-Benz,CL-Class,"$77,711.44"
397,Sean,2022-04-15 00:00:00,Czech Republic,sjewsteray@dailymotion.com,,397,Mercedes-Benz,500SEC,"$12,435.37"
398,Corrianne,2021-12-29 00:00:00,Portugal,cmathisaz@msu.edu,,398,Chevrolet,S10,"$17,923.95"
399,Tobye,2022-07-24 00:00:00,Indonesia,tdunlapb0@goodreads.com,,399,Lexus,IS,"$45,939.44"
400,Darcy,2021-12-30 00:00:00,Czech Republic,dtwitchingb1@marriott.com,,400,Mercedes-Benz,190E,"$73,037.27"
401,Minne,2021-11-26 00:00:00,Sweden,mdesporteb2@howstuffworks.com,,401,Saab,9-7X,"$86,765.50"
402,Baldwin,2022-01-17 00:00:00,Indonesia,badiscotb3@engadget.com,,402,Tesla,Roadster,"$86,758.94"
403,Evelyn,2021-11-24 00:00:00,Sweden,,,403,Toyota,Land Cruiser,"$87,910.37"
404,Catherine,2022-05-26 00:00:00,Poland,,,404,Chevrolet,Corvette,"$67,620.62"
405,Alvina,2022-08-16 00:00:00,United States,agoundsyb6@sitemeter.com,,405,Oldsmobile,Bravada,"$46,482.91"
406,Maridel,2022-04-22 00:00:00,Philippines,mrommeb7@devhub.com,,406,Mazda,929,"$17,084.64"
407,Stephan,2022-03-05 00:00:00,Ivory Coast,,,407,Mazda,MPV,"$89,462.47"
408,Faustine,2021-11-18 00:00:00,Albania,,,408,Ford,Probe,"$62,172.08"
409,Neila,2022-09-24 00:00:00,Venezuela,,,409,Nissan,Sentra,"$98,637.49"
410,Elisha,2022-09-11 00:00:00,China,,,410,Saab,9-3,"$28,999.71"
411,Kelsey,2021-12-10 00:00:00,Poland,ksainsbc@dagondesign.com,,411,Buick,Regal,"$86,537.18"
412,Agnella,2022-10-08 00:00:00,Japan,alaskeybd@purevolume.com,,412,Lincoln,Mark LT,"$20,924.22"
413,Yance,2022-05-29 00:00:00,Democratic Republic of the Congo,ysoreybe@wiley.com,,413,Lexus,RX Hybrid,"$85,865.11"
414,Sidney,2022-05-25 00:00:00,Russia,,,414,Ford,Thunderbird,"$75,681.23"
415,Lacie,2022-04-26 00:00:00,Poland,ltschiersebg@netvibes.com,,415,GMC,Yukon XL 2500,"$13,468.51"
416,Yvette,2022-06-27 00:00:00,Norway,ycamblinbh@multiply.com,,416,Volvo,V50,"$33,507.83"
417,Nathanil,2022-10-28 00:00:00,Poland,,,417,Lincoln,Navigator L,"$33,953.41"
418,Bucky,2022-05-28 00:00:00,Czech Republic,bmoyersbj@squidoo.com,,418,Aston Martin,V8 Vantage,"$93,148.98"
419,Gabriel,2022-08-21 00:00:00,China,,,419,Buick,Enclave,"$72,309.49"
420,Sioux,2022-11-11 00:00:00,China,sbuckinghambl@people.com.cn,,420,Mercedes-Benz,G-Class,"$99,589.03"
421,Agneta,2022-07-27 00:00:00,Indonesia,adiembm@squidoo.com,,421,Mercury,Grand Marquis,"$78,895.58"
422,Gordan,2022-09-09 00:00:00,China,gborehambn@wired.com,,422,Infiniti,Q,"$35,393.24"
423,Myriam,2022-09-03 00:00:00,Brazil,mriordanbo@earthlink.net,,423,Infiniti,G37,"$93,804.57"
424,Rand,2022-01-10 00:00:00,Honduras,rjodrellecbp@naver.com,,424,Mitsubishi,Diamante,"$32,525.51"
425,Rora,2022-08-17 00:00:00,Saudi Arabia,,,425,Chevrolet,TrailBlazer,"$15,902.14"
426,Blondy,2022-11-12 00:00:00,Serbia,,,426,Volvo,S60,"$88,519.80"
427,Eveleen,2022-07-20 00:00:00,Japan,efrenchbs@ca.gov,,427,Chevrolet,Tahoe,"$26,631.16"
428,Cybil,2022-01-24 00:00:00,Russia,clewndenbt@nifty.com,,428,Chrysler,Sebring,"$67,604.39"
429,Leisha,2022-01-27 00:00:00,China,lborsaybu@opensource.org,,429,Chevrolet,TrailBlazer,"$77,036.57"
430,Edsel,2022-09-28 00:00:00,Sweden,epoffbv@booking.com,,430,Ford,Explorer,"$15,223.19"
431,Mora,2022-06-10 00:00:00,Russia,msalamonbw@mtv.com,,431,BMW,760,"$81,804.76"
432,Papagena,2022-05-24 00:00:00,Portugal,,,432,BMW,X5,"$84,892.83"
433,Beverly,2022-01-19 00:00:00,United States,,,433,Chevrolet,Cavalier,"$10,890.76"
434,Pearce,2022-07-21 00:00:00,France,,,434,Chevrolet,Corvette,"$75,427.08"
435,Allie,2022-05-08 00:00:00,Russia,adashkovc0@cdbaby.com,,435,Mercedes-Benz,CLK-Class,"$62,635.90"
436,Valencia,2022-04-03 00:00:00,Azerbaijan,,,436,Mercedes-Benz,E-Class,"$51,536.60"
437,Mozes,2022-10-16 00:00:00,Brazil,,,437,Toyota,Sequoia,"$58,483.78"
438,Ervin,2022-02-13 00:00:00,Indonesia,egrabertc3@soup.io,,438,Toyota,RAV4,"$56,290.86"
439,Wyn,2022-01-02 00:00:00,Philippines,,,439,Lexus,GX,"$83,887.27"
440,Ricky,2022-04-20 00:00:00,China,,,440,Mercedes-Benz,SL-Class,"$42,041.64"
441,Horatio,2021-12-03 00:00:00,Malaysia,,,441,Honda,S2000,"$67,088.20"
442,Val,2022-07-08 00:00:00,Brazil,,,442,Ford,E-Series,"$51,317.73"
443,Jacob,2021-11-14 00:00:00,Malaysia,,,443,Cadillac,Escalade EXT,"$22,139.78"
444,Jack,2022-04-21 00:00:00,Panama,,,444,Mazda,B-Series,"$33,530.90"
445,Page,2022-08-08 00:00:00,Mexico,pkoppca@google.ca,,445,Chevrolet,Aveo,"$23,324.86"
446,Vinnie,2021-12-23 00:00:00,Indonesia,,,446,BMW,525,"$99,646.03"
447,Dewitt,2022-01-16 00:00:00,Sweden,dharcombecc@fc2.com,,447,Chevrolet,Astro,"$36,974.58"
448,Ermina,2022-03-19 00:00:00,Indonesia,esichcd@addthis.com,,448,Mitsubishi,Mighty Max,"$47,502.16"
449,Casar,2022-01-10 00:00:00,Cameroon,,,449,Maserati,430,"$24,244.55"
450,Carina,2022-10-13 00:00:00,Russia,,,450,Mitsubishi,Lancer,"$67,449.34"
451,Helenka,2022-01-05 00:00:00,China,halgeocg@lycos.com,,451,Honda,CR-V,"$67,504.56"
452,Celka,2022-07-02 00:00:00,Afghanistan,,,452,Lincoln,Town Car,"$91,107.37"
453,Genia,2022-03-24 00:00:00,Bolivia,,,453,Lexus,ES,"$66,615.70"
454,Davie,2022-10-13 00:00:00,Russia,dbarnbrookcj@friendfeed.com,,454,Cadillac,Sixty Special,"$27,033.94"
455,Milicent,2022-04-25 00:00:00,Ukraine,mwarehamck@cargocollective.com,,455,Ford,Windstar,"$15,775.83"
456,Leora,2022-08-30 00:00:00,Philippines,lmedwaycl@arizona.edu,,456,Dodge,Viper,"$57,814.19"
457,Terza,2021-11-27 00:00:00,Philippines,tmccomiskiecm@amazon.com,,457,Aston Martin,DB9,"$60,931.12"
458,Kathleen,2022-02-23 00:00:00,China,kstaitecn@mlb.com,,458,Ford,F250,"$87,471.26"
459,Perri,2021-12-25 00:00:00,Slovenia,pboordco@gmpg.org,,459,Hyundai,Entourage,"$59,815.28"
460,Gary,2022-08-18 00:00:00,China,gvenneurcp@furl.net,,460,Mazda,Miata MX-5,"$14,579.15"
461,Nicole,2021-12-15 00:00:00,Brazil,nleggencq@samsung.com,,461,Bentley,Continental GTC,"$95,813.22"
462,Klement,2022-04-03 00:00:00,Russia,,,462,Audi,S4,"$49,472.40"
463,Donavon,2022-09-21 00:00:00,Sierra Leone,dlillistonecs@arstechnica.com,,463,Subaru,Leone,"$95,673.09"
464,Rustin,2022-03-29 00:00:00,France,reustesct@patch.com,,464,Lincoln,MKT,"$88,401.13"
465,Currey,2022-09-16 00:00:00,Indonesia,crylandcu@ocn.ne.jp,,465,Jeep,Grand Cherokee,"$13,854.60"
466,Wilhelmina,2022-05-17 00:00:00,Pakistan,wdonsoncv@blogs.com,,466,Chrysler,Concorde,"$61,496.12"
467,Beatrix,2022-07-11 00:00:00,Indonesia,bparlettcw@oakley.com,,467,Chevrolet,Aveo,"$96,835.68"
468,Den,2022-01-07 00:00:00,Palestinian Territory,dfawdriecx@house.gov,,468,Audi,R8,"$28,253.43"
469,Olivero,2022-02-18 00:00:00,Guatemala,okubascy@aol.com,,469,Porsche,911,"$67,627.67"
470,Lew,2022-01-13 00:00:00,China,lburdincz@elegantthemes.com,,470,Dodge,Grand Caravan,"$51,202.52"
471,Clementina,2022-04-15 00:00:00,Thailand,,,471,Chevrolet,Uplander,"$73,167.82"
472,Ignaz,2022-02-28 00:00:00,Thailand,idimitrijevicd1@jalbum.net,,472,GMC,Savana 3500,"$46,441.20"
473,Krystle,2022-03-16 00:00:00,Brazil,kbeavingtond2@sourceforge.net,,473,Lexus,SC,"$53,551.99"
474,Benedikta,2022-08-31 00:00:00,China,bdowdelld3@vistaprint.com,,474,Honda,Element,"$66,518.38"
475,Tabbie,2022-10-16 00:00:00,Philippines,,,475,Dodge,Challenger,"$42,701.57"
476,Yorgo,2021-11-20 00:00:00,Russia,ydelbergued5@discovery.com,,476,BMW,M5,"$47,435.90"
477,Inesita,2022-08-09 00:00:00,Bahamas,ireveningd6@bloglovin.com,,477,Kia,Optima,"$79,572.14"
478,Cortie,2021-12-29 00:00:00,China,ccreffeildd7@myspace.com,,478,Dodge,Ram 2500,"$46,156.27"
479,Tandi,2022-05-16 00:00:00,United States,,,479,Jaguar,XJ Series,"$89,425.37"
480,Rudolf,2022-01-05 00:00:00,Greece,rleadleyd9@vinaora.com,,480,Lexus,LX,"$95,015.97"
481,Rosanne,2022-08-31 00:00:00,China,,,481,Chevrolet,Corvette,"$24,528.97"
482,Joyann,2022-07-14 00:00:00,Poland,jpagramdb@auda.org.au,,482,Lincoln,Continental,"$39,195.19"
483,Kipp,2022-01-29 00:00:00,Indonesia,,,483,Chevrolet,Avalanche 2500,"$62,128.16"
484,Frank,2022-01-03 00:00:00,Portugal,,,484,Porsche,Panamera,"$94,813.19"
485,Dewitt,2022-06-03 00:00:00,China,dmulvihillde@mayoclinic.com,,485,Oldsmobile,Intrigue,"$57,889.25"
486,Marla,2022-10-09 00:00:00,China,mnettingdf@cloudflare.com,,486,Volkswagen,Golf,"$33,615.59"
487,Bekki,2021-12-17 00:00:00,France,bcholtondg@ning.com,,487,Ford,Ranger,"$97,010.40"
488,Addie,2022-03-27 00:00:00,China,abesantdh@washington.edu,,488,Subaru,Legacy,"$29,445.89"
489,Mag,2022-06-25 00:00:00,China,,,489,Toyota,Avalon,"$42,576.31"
490,Harmon,2022-07-20 00:00:00,Peru,hmockesdj@devhub.com,,490,BMW,550,"$97,832.36"
491,Stearn,2022-05-14 00:00:00,Malta,slenniedk@merriam-webster.com,,491,Saturn,L-Series,"$30,661.85"
492,Killian,2022-07-24 00:00:00,Iran,ktiebedl@newsvine.com,,492,Buick,Skylark,"$74,130.90"
493,Jameson,2022-01-29 00:00:00,China,jwallsdm@vistaprint.com,,493,GMC,Envoy,"$80,389.90"
494,Gilberta,2022-05-31 00:00:00,Iraq,,,494,BMW,8 Series,"$51,534.80"
495,Urbain,2022-09-24 00:00:00,Thailand,ubeardsdo@dell.com,,495,Kia,Sportage,"$82,887.71"
496,Fancy,2022-09-01 00:00:00,Portugal,,,496,Mazda,MX-5,"$72,264.78"
497,Ofilia,2022-03-18 00:00:00,Czech Republic,,,497,Suzuki,Grand Vitara,"$15,693.27"
498,Ansell,2022-01-22 00:00:00,China,akorfmanndr@sun.com,,498,BMW,3 Series,"$38,180.78"
499,Pepillo,2022-05-15 00:00:00,Greece,pziemsends@umich.edu,,499,Subaru,Justy,"$42,539.27"
500,Jonathon,2022-05-27 00:00:00,China,jaingeldt@sogou.com,,500,Mazda,MPV,"$65,293.28"
501,Lissy,2022-08-25 00:00:00,China,,,501,Mitsubishi,Challenger,"$44,382.47"
502,Erinn,2022-09-09 00:00:00,China,,,502,Honda,Fit,"$19,822.59"
503,Winfred,2021-11-28 00:00:00,Sweden,wmorralldw@ucoz.ru,,503,Buick,Enclave,"$54,769.85"
504,Deane,2022-08-10 00:00:00,Poland,degglestonedx@kickstarter.com,,504,Chevrolet,Suburban 2500,"$56,176.24"
505,Rodrique,2022-02-04 00:00:00,China,rrizzonedy@csmonitor.com,,505,Chevrolet,Suburban 1500,"$68,734.55"
506,Joya,2022-10-16 00:00:00,China,jmiddlehurstdz@who.int,,506,Chevrolet,Aveo,"$61,859.44"
507,Myer,2021-11-19 00:00:00,China,mwareinge0@oakley.com,,507,Dodge,D150,"$14,149.18"
508,Jackson,2022-10-16 00:00:00,Poland,jsuggette1@squidoo.com,,508,Oldsmobile,LSS,"$62,256.46"
509,Ingelbert,2022-06-30 00:00:00,Indonesia,ibruynse2@123-reg.co.uk,,509,Suzuki,Kizashi,"$87,398.90"
510,Ludovico,2022-08-10 00:00:00,China,lsandhame3@wordpress.com,,510,Land Rover,LR4,"$52,840.53"
511,Duffie,2022-10-21 00:00:00,China,dgranvillee4@spiegel.de,,511,Mercedes-Benz,E-Class,"$51,473.95"
512,Amelia,2022-09-29 00:00:00,Poland,aclaxtone5@histats.com,,512,Kia,Sportage,"$80,864.63"
513,Anni,2022-02-15 00:00:00,China,abrosiuse6@utexas.edu,,513,Chevrolet,Lumina APV,"$63,973.79"
514,Kirstyn,2022-03-17 00:00:00,Jamaica,killesleye7@com.com,,514,Chevrolet,Corvette,"$58,071.18"
515,Kennett,2022-02-05 00:00:00,Tajikistan,kcostye8@reuters.com,,515,Toyota,Sienna,"$31,419.49"
516,Leah,2022-01-13 00:00:00,China,lvinsone9@merriam-webster.com,,516,Mitsubishi,3000GT,"$20,863.57"
517,Thatch,2022-02-21 00:00:00,Morocco,,,517,Pontiac,Trans Sport,"$93,876.52"
518,Kelcy,2022-02-09 00:00:00,Afghanistan,,,518,Nissan,Sentra,"$68,791.43"
519,Car,2022-02-04 00:00:00,United States,charsnipeec@home.pl,,519,Pontiac,Grand Am,"$26,148.98"
520,Rubetta,2021-12-30 00:00:00,Brazil,rturleed@soundcloud.com,,520,Infiniti,FX,"$33,588.25"
521,Gypsy,2022-10-08 00:00:00,Indonesia,glatheeee@icq.com,,521,Saab,9-3,"$21,251.26"
522,Tyson,2022-02-24 00:00:00,Mexico,,,522,Aston Martin,DBS,"$52,877.11"
523,Pavel,2021-12-19 00:00:00,China,pcloweseg@wisc.edu,,523,Volkswagen,Eos,"$41,110.15"
524,Bealle,2022-05-24 00:00:00,Afghanistan,,,524,Subaru,Forester,"$25,270.72"
525,Ludvig,2021-12-24 00:00:00,Indonesia,,,525,Porsche,Boxster,"$41,358.57"
526,John,2022-08-16 00:00:00,Azerbaijan,jaggeej@webs.com,,526,Dodge,Ram Van 3500,"$51,402.93"
527,Bev,2022-06-15 00:00:00,North Korea,,,527,Land Rover,Discovery,"$16,385.87"
528,Taryn,2022-09-29 00:00:00,Indonesia,tcrookshankel@ning.com,,528,Pontiac,Trans Sport,"$21,064.54"
529,Joane,2022-08-11 00:00:00,China,jarkleyem@tuttocitta.it,,529,Ford,Transit Connect,"$76,688.62"
530,Dione,2022-07-03 00:00:00,China,,,530,Chevrolet,Suburban 1500,"$41,059.79"
531,Scot,2022-05-03 00:00:00,Indonesia,sdaiceeo@globo.com,,531,Rolls-Royce,Phantom,"$31,838.00"
532,Stacy,2021-12-22 00:00:00,Malaysia,smcleanep@nymag.com,,532,Bentley,Brooklands,"$31,983.54"
533,Rosanne,2021-12-02 00:00:00,China,rfredieq@360.cn,,533,Honda,Civic Si,"$48,716.67"
534,Vera,2022-01-19 00:00:00,Japan,,,534,Mercury,Marauder,"$91,566.64"
535,Burgess,2022-01-25 00:00:00,Guatemala,bcushees@unc.edu,,535,Mitsubishi,Chariot,"$22,468.52"
536,Myron,2022-06-17 00:00:00,Russia,mreddieet@microsoft.com,,536,Chevrolet,Corsica,"$14,440.61"
537,Ned,2022-06-06 00:00:00,Poland,ngreedyereu@merriam-webster.com,,537,BMW,7 Series,"$89,194.15"
538,Uriel,2022-11-03 00:00:00,Japan,ureamsev@rakuten.co.jp,,538,Lexus,GS,"$31,085.94"
539,Arlen,2022-04-01 00:00:00,Argentina,aarnaudotew@state.gov,,539,Acura,Integra,"$38,676.91"
540,Nanny,2022-08-04 00:00:00,Indonesia,,,540,Dodge,Dakota Club,"$92,421.55"
541,Kayle,2022-10-13 00:00:00,China,kottamey@mtv.com,,541,Kia,Mentor,"$11,566.22"
542,Husain,2021-12-05 00:00:00,Samoa,hantognettiez@t-online.de,,542,Nissan,Sentra,"$33,235.22"
543,Carlin,2022-07-27 00:00:00,China,cmccarrollf0@vimeo.com,,543,Bentley,Continental,"$59,400.08"
544,Godard,2022-01-07 00:00:00,Philippines,,,544,Cadillac,STS,"$99,310.67"
545,Gaylor,2022-05-27 00:00:00,China,galcottf2@vinaora.com,,545,Toyota,MR2,"$47,942.44"
546,Brinn,2022-02-03 00:00:00,China,,,546,Ford,Explorer,"$70,443.30"
547,Edythe,2022-01-17 00:00:00,Indonesia,ekitchenmanf4@ucla.edu,,547,Land Rover,LR4,"$87,815.82"
548,Laurice,2022-02-22 00:00:00,Indonesia,lriglesfordf5@usda.gov,,548,BMW,X5,"$48,526.26"
549,Ibrahim,2022-04-09 00:00:00,Palestinian Territory,,,549,Land Rover,Range Rover,"$83,869.03"
550,Wilona,2021-12-18 00:00:00,Indonesia,wbrixeyf7@homestead.com,,550,Ford,Focus,"$27,126.46"
551,Brannon,2021-12-29 00:00:00,Russia,blantef8@tamu.edu,,551,Dodge,Ram Wagon B250,"$21,366.25"
552,Lolita,2022-10-04 00:00:00,Indonesia,lcearleyf9@squidoo.com,,552,Chevrolet,Venture,"$85,517.63"
553,Lou,2022-08-04 00:00:00,Ukraine,lmuddimanfa@eventbrite.com,,553,Nissan,Leaf,"$85,729.44"
554,Benedicto,2022-02-07 00:00:00,Brazil,bnabarrofb@cdc.gov,,554,Nissan,Maxima,"$83,355.56"
555,Anya,2022-09-06 00:00:00,China,amcbayfc@dell.com,,555,Chevrolet,Caprice Classic,"$21,488.81"
556,Evered,2022-01-29 00:00:00,American Samoa,,,556,Lincoln,Continental Mark VII,"$74,408.68"
557,Gill,2022-08-30 00:00:00,China,,,557,Lexus,RX Hybrid,"$38,608.68"
558,Moritz,2022-08-27 00:00:00,South Africa,mdykeff@google.co.jp,,558,Hyundai,Santa Fe,"$81,618.72"
559,Nicola,2022-03-10 00:00:00,Poland,nbrimilcombefg@newyorker.com,,559,Toyota,Paseo,"$38,351.82"
560,Moishe,2022-09-11 00:00:00,China,,,560,Volkswagen,Cabriolet,"$88,743.20"
561,Danna,2022-03-13 00:00:00,Cuba,,,561,GMC,Jimmy,"$65,089.49"
562,Kristan,2022-04-15 00:00:00,Poland,kshipwayfj@rediff.com,,562,Ford,E-Series,"$85,464.71"
563,Aileen,2022-10-06 00:00:00,Indonesia,,,563,Toyota,Land Cruiser,"$32,259.00"
564,Reba,2022-07-01 00:00:00,China,rschulterfl@aboutads.info,,564,Dodge,Ram,"$19,534.74"
565,Earle,2022-04-22 00:00:00,Indonesia,elardeurfm@newsvine.com,,565,Ford,Edge,"$58,005.21"
566,Fayth,2022-02-23 00:00:00,Russia,fmephamfn@go.com,,566,Suzuki,Swift,"$86,984.46"
567,Evangeline,2022-01-31 00:00:00,Russia,,,567,Acura,MDX,"$75,094.33"
568,Fancie,2022-02-15 00:00:00,Slovenia,,,568,Mercury,Grand Marquis,"$26,881.16"
569,Erl,2022-09-13 00:00:00,Malaysia,etierneyfq@paypal.com,,569,Daewoo,Lanos,"$26,684.44"
570,Ethe,2022-02-17 00:00:00,China,edederichfr@cocolog-nifty.com,,570,Volvo,S70,"$43,439.01"
571,Anabella,2021-12-16 00:00:00,China,agonningfs@tinypic.com,,571,Hyundai,XG350,"$32,097.64"
572,Avril,2022-09-29 00:00:00,Brazil,,,572,Audi,100,"$64,780.75"
573,Pearline,2021-12-18 00:00:00,China,pdarellfu@icq.com,,573,Land Rover,Freelander,"$75,654.55"
574,Stillman,2022-04-07 00:00:00,Macedonia,spevsnerfv@usgs.gov,,574,Lincoln,MKX,"$77,655.98"
575,Marianne,2021-11-30 00:00:00,Colombia,mdurranfw@arizona.edu,,575,GMC,Sierra 1500,"$50,145.97"
576,Daphne,2022-05-17 00:00:00,Indonesia,,,576,Oldsmobile,Achieva,"$39,823.29"
577,Amelia,2022-03-19 00:00:00,El Salvador,agermonfy@cmu.edu,,577,Aptera,Typ-1,"$25,887.32"
578,Damita,2022-10-27 00:00:00,China,djahndelfz@bloglines.com,,578,Toyota,Tundra,"$16,855.13"
579,Ruprecht,2021-11-25 00:00:00,Norway,rritmeierg0@joomla.org,,579,Ford,E-Series,"$46,047.58"
580,Nedda,2022-09-07 00:00:00,Czech Republic,nnicholsg1@squidoo.com,,580,Acura,ZDX,"$84,807.61"
581,Arley,2022-03-23 00:00:00,Vietnam,akapelhofg2@bbb.org,,581,Mercury,Sable,"$16,365.87"
582,Hyacinthe,2022-02-14 00:00:00,Peru,hchaizeg3@zimbio.com,,582,Subaru,Tribeca,"$58,884.21"
583,Adel,2022-05-24 00:00:00,China,ahaleyg4@github.io,,583,Volkswagen,Jetta III,"$63,900.52"
584,Karisa,2022-10-13 00:00:00,Portugal,,,584,Buick,Rendezvous,"$95,764.51"
585,Lusa,2021-12-23 00:00:00,Croatia,lrawlinsg6@kickstarter.com,,585,Ford,F150,"$36,838.28"
586,Bradford,2022-03-31 00:00:00,Philippines,bdossettorg7@i2i.jp,,586,Porsche,928,"$96,297.76"
587,Rob,2022-08-18 00:00:00,Thailand,rtibbettsg8@smh.com.au,,587,Ford,F350,"$76,753.35"
588,Noll,2022-05-06 00:00:00,Brazil,nalekhovg9@engadget.com,,588,Mazda,MX-6,"$82,069.77"
589,Humberto,2022-04-09 00:00:00,Sweden,hbubbearga@ovh.net,,589,GMC,Sierra 3500,"$85,661.57"
590,Priscella,2022-07-24 00:00:00,Comoros,pmadigangb@yelp.com,,590,Mercedes-Benz,GLK-Class,"$93,756.24"
591,Ara,2021-12-15 00:00:00,Ecuador,alorenzingc@opensource.org,,591,Oldsmobile,Cutlass Supreme,"$16,530.53"
592,Conroy,2022-04-05 00:00:00,United States,ccunniamgd@skype.com,,592,Audi,RS 6,"$56,424.49"
593,Tina,2022-11-05 00:00:00,Myanmar,tmacmychemge@yellowpages.com,,593,Lotus,Esprit,"$98,831.21"
594,Lisette,2022-06-08 00:00:00,China,llinzeygf@1688.com,,594,Pontiac,Sunbird,"$75,721.55"
595,Essy,2022-03-09 00:00:00,United Kingdom,epuzeygg@ezinearticles.com,,595,Pontiac,Grand Prix,"$97,351.54"
596,Constanta,2022-06-16 00:00:00,Ukraine,,,596,Pontiac,Bonneville,"$39,720.48"
597,Carly,2022-05-09 00:00:00,Indonesia,,,597,Pontiac,Montana,"$64,668.10"
598,Derrik,2021-11-21 00:00:00,Syria,dloddygj@unicef.org,,598,Mitsubishi,GTO,"$11,595.20"
599,Cher,2021-12-26 00:00:00,Vietnam,cwypergk@constantcontact.com,,599,Mitsubishi,Eclipse,"$54,535.57"
600,Florry,2021-12-14 00:00:00,Mauritius,,,600,Infiniti,G35,"$39,644.61"
601,Vita,2022-10-16 00:00:00,Indonesia,,,601,Jeep,Patriot,"$83,373.87"
602,Wallie,2021-12-07 00:00:00,Philippines,wteligingn@wufoo.com,,602,Toyota,Camry Hybrid,"$45,221.91"
603,Margette,2022-01-18 00:00:00,Norway,myanyushkingo@bloglines.com,,603,Mercury,Villager,"$60,863.77"
604,Warde,2022-01-31 00:00:00,Canada,,,604,Dodge,Dakota,"$95,054.65"
605,Marya,2022-03-15 00:00:00,Czech Republic,mreignoldsgq@skyrock.com,,605,Acura,RL,"$73,425.17"
606,Gwen,2022-01-16 00:00:00,Somalia,gpaolicchigr@surveymonkey.com,,606,Infiniti,QX56,"$46,884.08"
607,Lind,2022-06-13 00:00:00,Indonesia,lembersongs@si.edu,,607,Smart,Fortwo,"$60,453.90"
608,Carney,2022-08-29 00:00:00,Indonesia,csteinhammergt@barnesandnoble.com,,608,GMC,Savana,"$88,988.50"
609,Jenilee,2022-06-15 00:00:00,Russia,jdawsongu@t.co,,609,Porsche,924,"$94,528.71"
610,Thorn,2022-06-25 00:00:00,France,,,610,Volkswagen,Eurovan,"$50,298.95"
611,Stavros,2022-05-28 00:00:00,Russia,sweargw@walmart.com,,611,Mazda,B-Series,"$47,173.55"
612,Annamarie,2022-05-30 00:00:00,Indonesia,,,612,Mitsubishi,Lancer,"$37,875.13"
613,Quillan,2022-09-25 00:00:00,China,qbaudouxgy@hibu.com,,613,Volkswagen,Jetta,"$49,097.35"
614,Isador,2021-12-16 00:00:00,Indonesia,ilyvergz@washingtonpost.com,,614,Jaguar,X-Type,"$92,371.79"
615,Babb,2022-04-18 00:00:00,Philippines,,,615,Suzuki,Reno,"$64,359.32"
616,Danita,2022-01-01 00:00:00,Panama,dbignallh1@nbcnews.com,,616,Chevrolet,Suburban 2500,"$29,189.21"
617,Vernor,2022-01-15 00:00:00,China,vpfertnerh2@washington.edu,,617,Audi,A6,"$83,768.41"
618,Austin,2022-07-25 00:00:00,Netherlands,arosevearh3@usgs.gov,,618,Audi,90,"$39,716.20"
619,Dedie,2022-01-14 00:00:00,China,dtromansh4@toplist.cz,,619,Chevrolet,Cavalier,"$67,932.72"
620,Inge,2022-01-03 00:00:00,United States,,,620,Pontiac,Firefly,"$19,184.82"
621,Myrah,2022-07-09 00:00:00,New Caledonia,mpleveyh6@google.de,,621,Ford,Econoline E250,"$74,859.72"
622,Wilbur,2021-11-24 00:00:00,Ukraine,,,622,Pontiac,Grand Prix,"$32,976.48"
623,Bianca,2022-10-02 00:00:00,China,bprawleh8@dot.gov,,623,Mazda,B-Series,"$62,939.57"
624,Paola,2022-03-26 00:00:00,Indonesia,pknealeh9@friendfeed.com,,624,Buick,Riviera,"$72,222.00"
625,Terencio,2022-05-03 00:00:00,Ukraine,tguppieha@prnewswire.com,,625,Volkswagen,Eurovan,"$46,608.62"
626,Ludovico,2022-11-12 00:00:00,China,lvanrosshb@ycombinator.com,,626,Mercedes-Benz,SL-Class,"$80,742.47"
627,Christi,2022-05-22 00:00:00,Iraq,,,627,Acura,RL,"$76,975.29"
628,Brody,2022-02-17 00:00:00,Jamaica,bbrunihd@miitbeian.gov.cn,,628,Pontiac,Firebird Trans Am,"$36,553.23"
629,Leah,2022-06-12 00:00:00,Mongolia,ldymockhe@tinyurl.com,,629,Volvo,850,"$48,219.16"
630,Aveline,2022-01-09 00:00:00,China,avillarhf@bing.com,,630,GMC,Savana 2500,"$79,515.93"
631,Sherman,2022-03-26 00:00:00,China,sziemshg@sitemeter.com,,631,Chevrolet,Prizm,"$97,817.58"
632,Torey,2022-07-06 00:00:00,Serbia,talastairhh@indiatimes.com,,632,Porsche,Boxster,"$74,039.02"
633,Elayne,2022-06-01 00:00:00,Japan,evaenhi@sciencedaily.com,,633,Kia,Sportage,"$15,888.41"
634,Delia,2022-04-01 00:00:00,Philippines,dcasollahj@yale.edu,,634,Mazda,B-Series,"$65,783.23"
635,Lethia,2022-06-05 00:00:00,Thailand,lnanglehk@hhs.gov,,635,Mazda,B-Series Plus,"$15,326.42"
636,Chickie,2022-09-23 00:00:00,Thailand,cbarsbyhl@prlog.org,,636,Saab,9000,"$46,161.38"
637,Regen,2022-01-31 00:00:00,Argentina,rsmidmorhm@360.cn,,637,Dodge,Grand Caravan,"$90,404.57"
638,Diahann,2022-01-02 00:00:00,China,dmcgralehn@wired.com,,638,Chevrolet,Tahoe,"$33,957.18"
639,Angie,2022-07-04 00:00:00,United States,achowneho@cornell.edu,,639,Dodge,Magnum,"$32,362.38"
640,Markos,2022-03-11 00:00:00,Indonesia,mellicombehp@51.la,,640,Mazda,MX-5,"$42,857.91"
641,Freddie,2022-05-17 00:00:00,Czech Republic,,,641,Subaru,Tribeca,"$56,899.51"
642,Sabina,2022-05-03 00:00:00,Reunion,schipmanhr@shutterfly.com,,642,Hyundai,Elantra,"$31,224.61"
643,Rebekah,2022-07-25 00:00:00,Philippines,rjeckshs@newyorker.com,,643,Land Rover,Defender 90,"$13,833.71"
644,Addy,2022-10-29 00:00:00,Greece,amcilroyht@mediafire.com,,644,Toyota,Camry,"$76,788.04"
645,Salomi,2022-03-08 00:00:00,Indonesia,seppsonhu@bigcartel.com,,645,Chevrolet,Express 3500,"$52,540.72"
646,Esme,2022-06-08 00:00:00,Colombia,,,646,Toyota,4Runner,"$47,606.53"
647,Rhiamon,2022-03-30 00:00:00,China,rhanbidgehw@google.fr,,647,Mitsubishi,Challenger,"$71,936.04"
648,Zebulon,2022-05-25 00:00:00,Russia,zdineharthx@ezinearticles.com,,648,Audi,Allroad,"$78,676.70"
649,Jojo,2022-06-04 00:00:00,Mongolia,jimortshy@linkedin.com,,649,Mitsubishi,Challenger,"$69,088.60"
650,Hamilton,2022-09-21 00:00:00,Mexico,,,650,Hyundai,Accent,"$67,034.80"
651,Verene,2022-04-27 00:00:00,Norway,,,651,Chevrolet,Blazer,"$43,716.52"
652,Man,2022-02-02 00:00:00,Bolivia,mabbesi1@home.pl,,652,Kia,Sedona,"$23,690.94"
653,Collen,2022-03-29 00:00:00,China,cledinghami2@mapy.cz,,653,Ford,F250,"$74,732.85"
654,Ethelred,2022-02-22 00:00:00,Mongolia,eslimmingi3@marriott.com,,654,Nissan,Altima,"$41,592.34"
655,Gilda,2022-06-11 00:00:00,Argentina,,,655,Mitsubishi,GTO,"$11,886.80"
656,Annamaria,2022-06-29 00:00:00,Philippines,ahowgilli5@cam.ac.uk,,656,Lexus,LS Hybrid,"$19,085.11"
657,Ernestine,2022-08-27 00:00:00,Saudi Arabia,eciciottii6@blogger.com,,657,Saab,900,"$74,169.79"
658,Glenden,2022-03-10 00:00:00,Serbia,greckhousei7@sun.com,,658,Volkswagen,Golf,"$97,077.02"
659,Bailie,2022-03-30 00:00:00,Russia,bgulvini8@hud.gov,,659,Subaru,Outback,"$87,694.19"
660,Lynette,2022-01-03 00:00:00,Armenia,lserfatii9@msu.edu,,660,GMC,Savana,"$42,188.75"
661,Wilma,2022-03-15 00:00:00,Ukraine,,,661,Chevrolet,Camaro,"$63,364.73"
662,Sigismondo,2022-08-09 00:00:00,Syria,skleinmintzib@networkadvertising.org,,662,Porsche,Cayenne,"$95,292.33"
663,Donny,2022-03-03 00:00:00,China,,,663,Audi,A4,"$81,885.02"
664,Evie,2022-07-26 00:00:00,New Zealand,,,664,Toyota,Tacoma,"$80,779.86"
665,Hugo,2022-09-18 00:00:00,Panama,hmagowanie@uiuc.edu,,665,Toyota,Echo,"$13,701.84"
666,Merci,2022-11-09 00:00:00,Peru,mculwenif@tuttocitta.it,,666,Mercury,Grand Marquis,"$95,732.97"
667,Carina,2021-11-15 00:00:00,China,,,667,Volkswagen,Scirocco,"$24,801.95"
668,Mag,2022-05-05 00:00:00,Thailand,mbulbeckih@netlog.com,,668,Jeep,Cherokee,"$36,815.62"
669,Sheffy,2022-04-18 00:00:00,Honduras,slipmanii@gravatar.com,,669,Audi,Allroad,"$34,092.56"
670,Debra,2022-10-25 00:00:00,Philippines,deddowij@prlog.org,,670,Mitsubishi,Pajero,"$77,242.84"
671,Shandee,2022-03-08 00:00:00,Philippines,,,671,Mitsubishi,Galant,"$32,593.86"
672,Jacquette,2022-09-05 00:00:00,China,jhuckleil@sciencedaily.com,,672,Volkswagen,Cabriolet,"$59,888.14"
673,Valentine,2022-01-08 00:00:00,China,,,673,Mercedes-Benz,SL-Class,"$82,218.89"
674,Chrysa,2022-03-12 00:00:00,Iran,cstormouthin@newyorker.com,,674,Land Rover,Defender,"$71,776.47"
675,Perren,2022-01-09 00:00:00,Indonesia,,,675,Oldsmobile,Achieva,"$10,494.67"
676,Ringo,2022-08-01 00:00:00,Russia,rpullingerip@time.com,,676,Nissan,GT-R,"$89,028.02"
677,Walden,2022-10-18 00:00:00,Philippines,wcorsellesiq@wordpress.com,,677,Maserati,Spyder,"$84,989.94"
678,Rori,2021-12-12 00:00:00,Russia,,,678,Dodge,Ram Van B150,"$91,908.09"
679,Wildon,2021-11-26 00:00:00,Portugal,wnornableis@bluehost.com,,679,Hummer,H3,"$35,894.38"
680,Orelee,2022-04-29 00:00:00,Russia,ocollipit@reverbnation.com,,680,Toyota,T100 Xtra,"$37,753.11"
681,Alicea,2022-06-22 00:00:00,Indonesia,akybbyeiu@deliciousdays.com,,681,Audi,A8,"$37,290.83"
682,Viviyan,2022-07-10 00:00:00,Argentina,vorreyiv@vimeo.com,,682,Maserati,Quattroporte,"$92,800.70"
683,Orelee,2022-09-12 00:00:00,China,,,683,BMW,6 Series,"$15,414.53"
684,Teri,2022-01-04 00:00:00,Brazil,tchezelleix@walmart.com,,684,Ford,Expedition EL,"$11,863.01"
685,Ryann,2022-06-12 00:00:00,Indonesia,rkirkbyiy@springer.com,,685,Nissan,Sentra,"$19,540.10"
686,Jacquenette,2022-02-24 00:00:00,Bulgaria,jbaumanniz@woothemes.com,,686,Chevrolet,Aveo,"$14,738.53"
687,Chaunce,2022-07-26 00:00:00,Portugal,chuzzeyj0@yahoo.co.jp,,687,Mercury,Grand Marquis,"$28,523.74"
688,Donna,2022-11-11 00:00:00,Indonesia,,,688,Ford,F-Series,"$83,830.35"
689,Ophelie,2022-10-21 00:00:00,Lebanon,,,689,GMC,Jimmy,"$21,148.87"
690,Wini,2022-09-23 00:00:00,Indonesia,wcassedyj3@forbes.com,,690,Pontiac,Firebird,"$61,306.12"
691,Carlita,2022-09-15 00:00:00,Jordan,cobertj4@google.cn,,691,BMW,5 Series,"$83,378.95"
692,Koralle,2022-02-21 00:00:00,Colombia,kcowhigj5@globo.com,,692,Mercury,Cougar,"$38,509.52"
693,Jethro,2022-09-15 00:00:00,China,,,693,Hyundai,Entourage,"$74,674.98"
694,Glynis,2022-07-24 00:00:00,Indonesia,gsimlaj7@edublogs.org,,694,Dodge,Viper,"$54,771.50"
695,Tedie,2022-10-23 00:00:00,Peru,tveltij8@ca.gov,,695,BMW,Z3,"$75,947.12"
696,Sarena,2022-08-08 00:00:00,China,salabonej9@quantcast.com,,696,Dodge,Ram 1500,"$62,530.13"
697,Hunfredo,2022-01-14 00:00:00,Russia,hclinnickja@mapquest.com,,697,Ford,Bronco,"$91,132.01"
699,Romeo,2022-03-02 00:00:00,China,,,699,Mitsubishi,Montero,"$76,906.63"
700,Joice,2021-11-20 00:00:00,Colombia,,,700,BMW,M3,"$41,765.01"
701,Parrnell,2021-11-27 00:00:00,Yemen,pmalenfantje@elegantthemes.com,,701,Mercury,Topaz,"$86,870.82"
702,Edward,2022-02-12 00:00:00,South Korea,,,702,Ford,Windstar,"$60,895.03"
703,Arleen,2022-09-20 00:00:00,Philippines,,,703,Isuzu,i-370,"$72,675.95"
704,Rodger,2022-02-12 00:00:00,Madagascar,,,704,Toyota,Tundra,"$87,220.85"
705,Bertrand,2022-07-09 00:00:00,Portugal,bberteletji@chron.com,,705,Nissan,Armada,"$11,287.50"
706,Gaylor,2022-07-08 00:00:00,China,gfostenjj@hud.gov,,706,Mitsubishi,Galant,"$66,802.77"
707,Evonne,2022-02-24 00:00:00,Kazakhstan,ekahenjk@sina.com.cn,,707,Hyundai,Elantra,"$23,350.61"
708,Broddie,2022-07-16 00:00:00,Mexico,,,708,Ford,F-Series,"$94,716.01"
709,Dominick,2022-05-10 00:00:00,Japan,,,709,Toyota,RAV4,"$45,464.12"
710,Taber,2022-01-18 00:00:00,Argentina,,,710,Volvo,850,"$81,321.79"
711,Audrye,2022-08-14 00:00:00,Brazil,,,711,Porsche,Cayman,"$38,670.98"
712,Holmes,2022-10-14 00:00:00,China,,,712,Chrysler,300M,"$92,137.25"
713,Trisha,2022-10-28 00:00:00,Mexico,tmacaulayjq@mac.com,,713,Jaguar,XJ,"$21,569.29"
714,Philis,2022-03-24 00:00:00,China,,,714,Honda,Ridgeline,"$68,135.02"
715,Gussie,2022-10-29 00:00:00,Portugal,gsinkinsonjs@wiley.com,,715,Ferrari,F430,"$67,891.48"
716,Cindee,2022-01-08 00:00:00,Morocco,cnoycejt@instagram.com,,716,Chevrolet,Tahoe,"$67,908.24"
717,Valina,2022-05-09 00:00:00,Sweden,vmaynardju@google.cn,,717,Ford,E250,"$34,628.95"
718,Eimile,2022-09-08 00:00:00,Mexico,,,718,Jeep,Wrangler,"$91,909.25"
719,Bert,2022-05-07 00:00:00,China,blampreyjw@about.me,,719,Nissan,240SX,"$10,914.27"
720,Brook,2022-01-25 00:00:00,Brazil,bmaccraejx@vimeo.com,,720,Jeep,Wrangler,"$69,555.60"
721,Melisse,2022-05-23 00:00:00,Indonesia,mseagarjy@rambler.ru,,721,Toyota,Tundra,"$62,974.53"
722,Gunther,2022-10-03 00:00:00,Poland,gdaillyjz@dailymotion.com,,722,Subaru,Legacy,"$76,422.89"
723,Valerie,2022-06-01 00:00:00,Poland,vgorinik0@fc2.com,,723,Dodge,Dakota Club,"$14,608.33"
724,Wittie,2022-07-30 00:00:00,Indonesia,wmcneillk1@bigcartel.com,,724,Mazda,Mazda3,"$33,882.63"
725,Nilson,2022-02-09 00:00:00,Philippines,nmirfink2@hud.gov,,725,Dodge,Stratus,"$84,154.72"
726,Conni,2022-05-14 00:00:00,Iran,coggersk3@uiuc.edu,,726,GMC,Jimmy,"$29,529.25"
727,Joni,2022-10-29 00:00:00,Indonesia,jsugarsk4@craigslist.org,,727,Mitsubishi,Montero,"$47,580.58"
728,Bernice,2022-06-10 00:00:00,Czech Republic,,,728,Volkswagen,GTI,"$36,050.71"
729,Bertrand,2022-02-22 00:00:00,Colombia,bmityushkink6@chicagotribune.com,,729,Volvo,S60,"$39,441.70"
730,Victor,2021-11-25 00:00:00,France,voldakerk7@theatlantic.com,,730,Mazda,B-Series,"$74,276.44"
731,Pris,2022-07-20 00:00:00,China,pmixturek8@yellowpages.com,,731,Volvo,V40,"$74,246.97"
732,Clemence,2021-12-19 00:00:00,China,,,732,Ford,Freestar,"$85,680.29"
733,Justen,2022-11-12 00:00:00,Greece,,,733,Chevrolet,Monte Carlo,"$64,247.31"
734,Misha,2022-02-23 00:00:00,Argentina,mbasskb@ucoz.ru,,734,GMC,Sierra 2500,"$96,480.39"
735,Enos,2022-01-17 00:00:00,Bolivia,,,735,Nissan,Versa,"$61,353.19"
736,Larissa,2022-03-25 00:00:00,France,lklimkovkd@aboutads.info,,736,Chevrolet,Corvette,"$55,598.72"
737,Claire,2022-09-29 00:00:00,China,challgathke@bbc.co.uk,,737,Honda,Civic,"$43,140.66"
738,Anatol,2022-06-30 00:00:00,Argentina,abehrenskf@blinklist.com,,738,Ford,F150,"$65,472.00"
739,Hannah,2022-06-23 00:00:00,Ukraine,hsweatingkg@webs.com,,739,Mitsubishi,Truck,"$50,166.02"
740,Dolf,2022-07-29 00:00:00,Portugal,dorbonkh@usatoday.com,,740,Hyundai,Veloster,"$93,110.53"
741,Trixi,2021-12-01 00:00:00,Philippines,tcolbourneki@domainmarket.com,,741,Volkswagen,Golf,"$49,595.96"
742,Rhys,2021-11-23 00:00:00,Argentina,,,742,Audi,S6,"$47,866.26"
743,Britte,2022-05-03 00:00:00,Cuba,brassellkk@xinhuanet.com,,743,Saturn,VUE,"$29,393.08"
744,Trevar,2022-10-16 00:00:00,Peru,tallpresskl@nyu.edu,,744,Lexus,GS,"$62,036.56"
745,Rhiamon,2022-05-22 00:00:00,Paraguay,rpechankm@photobucket.com,,745,Audi,Q7,"$51,277.95"
746,Katharyn,2022-03-20 00:00:00,Philippines,,,746,Chevrolet,Lumina,"$10,515.75"
747,Druci,2022-07-07 00:00:00,Albania,dpenroseko@github.com,,747,BMW,Z4 M,"$93,655.34"
748,Parry,2022-03-11 00:00:00,Yemen,pdyterkp@sun.com,,748,Acura,NSX,"$43,102.49"
749,Sky,2022-04-12 00:00:00,Russia,sbrainsbykq@mashable.com,,749,Chevrolet,Silverado,"$84,670.13"
750,Dorey,2022-04-26 00:00:00,China,ddibbskr@aol.com,,750,Ford,Escort,"$60,736.14"
751,Abigale,2022-09-30 00:00:00,Russia,,,751,Ford,EXP,"$39,550.90"
752,Edna,2022-02-23 00:00:00,Iran,ealywenkt@java.com,,752,BMW,7 Series,"$42,342.58"
753,Moreen,2022-04-20 00:00:00,Indonesia,mkennefordku@theguardian.com,,753,Toyota,Corolla,"$16,713.10"
754,Jordan,2022-01-24 00:00:00,Brazil,,,754,Honda,Prelude,"$51,003.29"
755,Gilbertine,2021-11-22 00:00:00,Brazil,gslosskw@umich.edu,,755,Chevrolet,G-Series G30,"$74,766.53"
756,Davine,2022-08-17 00:00:00,China,dheskeykx@multiply.com,,756,Lexus,GX,"$38,066.90"
757,Edna,2022-02-07 00:00:00,Ukraine,ehansieky@deviantart.com,,757,Pontiac,GTO,"$73,436.51"
758,Gail,2022-11-05 00:00:00,Serbia,gtrawinkz@gizmodo.com,,758,Nissan,Sentra,"$53,013.83"
759,Jens,2022-05-30 00:00:00,Sweden,jsambidgel0@rakuten.co.jp,,759,Lotus,Esprit,"$83,416.26"
760,Michelina,2022-10-17 00:00:00,China,mcurtissl1@booking.com,,760,Pontiac,Firefly,"$13,961.41"
761,Shoshanna,2022-05-11 00:00:00,China,ssidonl2@nytimes.com,,761,Dodge,Durango,"$69,408.77"
762,Sonia,2021-12-16 00:00:00,Poland,sgutridgel3@nytimes.com,,762,Mercedes-Benz,CL-Class,"$72,839.33"
763,Rhianon,2022-07-07 00:00:00,Vietnam,rhounsoml4@example.com,,763,Toyota,TundraMax,"$58,102.33"
764,Alta,2022-07-12 00:00:00,Japan,awordleyl5@rediff.com,,764,Volkswagen,Cabriolet,"$13,111.18"
765,Rafaello,2022-03-28 00:00:00,Norway,rcolleltonl6@washingtonpost.com,,765,Dodge,Ram 2500,"$13,008.41"
766,Adina,2022-08-07 00:00:00,Japan,asauntl7@princeton.edu,,766,Dodge,Durango,"$10,225.65"
767,Ebeneser,2022-06-24 00:00:00,Albania,,,767,Chevrolet,Blazer,"$26,020.61"
768,Marten,2022-04-15 00:00:00,Indonesia,mrossantl9@cbsnews.com,,768,Chevrolet,Aveo,"$30,672.02"
769,Binny,2022-04-14 00:00:00,China,bchappella@sphinn.com,,769,Ford,Aerostar,"$82,737.61"
770,Elora,2021-11-28 00:00:00,Nigeria,ebricknerlb@timesonline.co.uk,,770,Chevrolet,Caprice,"$15,771.25"
771,Evan,2022-07-11 00:00:00,Portugal,,,771,Pontiac,Grand Prix,"$22,346.95"
772,Eudora,2022-10-29 00:00:00,Russia,esarfatld@sitemeter.com,,772,Chevrolet,Express 1500,"$48,994.88"
773,Bevvy,2022-06-13 00:00:00,Spain,bnussiile@usgs.gov,,773,Volvo,C70,"$39,362.77"
774,Clarine,2021-12-18 00:00:00,Russia,cmaslenlf@vinaora.com,,774,Eagle,Talon,"$18,806.47"
775,Beckie,2022-06-20 00:00:00,Netherlands,bwendenlg@macromedia.com,,775,Nissan,Altima,"$79,033.74"
776,Danette,2022-04-09 00:00:00,Canada,dbutterylh@prweb.com,,776,Subaru,SVX,"$70,502.14"
777,Ofella,2022-06-02 00:00:00,Mexico,okenningtonli@senate.gov,,777,Ford,Tempo,"$66,673.46"
778,Sophronia,2022-08-31 00:00:00,Japan,ssambelllj@toplist.cz,,778,Dodge,Ram 50,"$59,332.92"
779,Dewey,2022-05-15 00:00:00,Russia,,,779,Volkswagen,Touareg,"$20,845.67"
780,Rossy,2022-01-17 00:00:00,United States,rbeechcraftll@xing.com,,780,Bentley,Continental GTC,"$36,220.99"
781,Sharity,2022-05-20 00:00:00,United States,shumpatchlm@tuttocitta.it,,781,Honda,Odyssey,"$66,329.45"
782,Tallulah,2022-02-16 00:00:00,China,tmaldinln@state.tx.us,,782,Mitsubishi,Cordia,"$79,276.18"
783,Jefferson,2021-11-25 00:00:00,Poland,jsawleylo@xing.com,,783,Subaru,Forester,"$36,153.60"
784,Elliott,2022-05-14 00:00:00,China,ebullivantlp@histats.com,,784,Spyker,C8 Spyder Wide Body,"$12,513.37"
785,Cecilia,2022-08-02 00:00:00,Russia,cfuncheonlq@people.com.cn,,785,BMW,X6 M,"$48,846.06"
786,Rossie,2022-07-07 00:00:00,Brazil,rlowreylr@scribd.com,,786,Buick,LaCrosse,"$95,492.46"
787,Ker,2021-12-29 00:00:00,China,,,787,Dodge,Ram 2500,"$26,923.06"
788,Aland,2022-06-25 00:00:00,Sierra Leone,,,788,Chevrolet,Metro,"$26,796.84"
789,Alta,2022-02-18 00:00:00,United States,aservicelu@tiny.cc,,789,Hummer,H2 SUV,"$64,496.55"
790,Ade,2022-06-13 00:00:00,Indonesia,,,790,Chevrolet,Suburban 2500,"$10,346.52"
791,Donnie,2022-10-03 00:00:00,Honduras,,,791,Mazda,Mazda5,"$84,844.67"
792,Shep,2022-11-01 00:00:00,Poland,slaverlx@un.org,,792,Chevrolet,Camaro,"$59,637.67"
793,Darrel,2022-09-11 00:00:00,China,dhastly@123-reg.co.uk,,793,Lexus,LS,"$24,961.92"
794,Sherrie,2022-03-24 00:00:00,Indonesia,sbillionlz@reuters.com,,794,Kia,Rio,"$71,358.37"
795,Fifi,2022-09-13 00:00:00,Spain,fschopsm0@google.nl,,795,Chrysler,Town & Country,"$31,462.59"
796,Paulita,2022-01-11 00:00:00,United States,pkonertm1@ft.com,,796,Mercedes-Benz,G55 AMG,"$67,122.44"
797,Bill,2021-12-19 00:00:00,United States,,,797,Oldsmobile,Achieva,"$85,061.28"
798,Cordelie,2022-03-20 00:00:00,Sweden,cduckersm3@omniture.com,,798,Chrysler,Sebring,"$50,515.18"
1001,Jere,2022-05-31 00:00:00,Brazil,,,,,,
799,Armando,2022-08-27 00:00:00,Russia,amcgluem4@home.pl,,799,BMW,530,"$51,024.34"
800,Glen,2022-11-07 00:00:00,Poland,gborehamm5@mlb.com,,800,Volkswagen,Golf,"$72,249.70"
801,Marillin,2022-09-17 00:00:00,Portugal,mpopem6@shutterfly.com,,801,Pontiac,Grand Prix,"$29,300.86"
802,Karita,2021-11-14 00:00:00,Russia,,,802,Lexus,ES,"$51,070.25"
803,Helena,2022-06-27 00:00:00,China,hrenshellm8@ebay.co.uk,,803,Cadillac,Eldorado,"$78,808.17"
804,Arty,2022-04-05 00:00:00,Brazil,,,804,Oldsmobile,Alero,"$19,996.35"
805,Gwennie,2022-02-20 00:00:00,Philippines,grattma@amazon.com,,805,Ford,Ranger,"$38,292.79"
806,Cass,2022-08-11 00:00:00,China,cchidgeymb@independent.co.uk,,806,Oldsmobile,Alero,"$51,366.64"
807,Sonny,2022-07-17 00:00:00,Netherlands,stabnermc@tamu.edu,,807,Maybach,62,"$98,594.39"
808,Delila,2022-07-17 00:00:00,Bolivia,dwheatlandmd@webnode.com,,808,Eagle,Summit,"$19,295.42"
809,Leif,2022-03-06 00:00:00,Libya,lduckerme@woothemes.com,,809,Buick,Somerset,"$86,038.11"
810,Haydon,2022-04-02 00:00:00,China,htalloemf@webmd.com,,810,Chevrolet,Silverado 2500,"$74,775.08"
811,Birch,2022-03-20 00:00:00,Laos,bdunphymg@admin.ch,,811,Jaguar,XJ Series,"$81,443.20"
812,Bettye,2021-12-02 00:00:00,Senegal,bmapholmmh@narod.ru,,812,Lotus,Esprit,"$59,946.75"
813,Rosalia,2022-05-18 00:00:00,Russia,rgimenomi@paypal.com,,813,Hyundai,Accent,"$71,233.39"
814,Junette,2022-05-16 00:00:00,China,jbatchanmj@arstechnica.com,,814,Infiniti,I,"$48,469.05"
815,Olive,2022-03-12 00:00:00,China,ohughlandmk@pcworld.com,,815,Scion,tC,"$93,717.69"
816,Rennie,2021-12-23 00:00:00,Norway,rmcmylorml@mediafire.com,,816,Chevrolet,Astro,"$42,449.55"
817,Tresa,2021-12-20 00:00:00,Serbia,tdallymm@gov.uk,,817,Chrysler,Town & Country,"$96,865.97"
818,Ewart,2022-10-05 00:00:00,Indonesia,,,818,Ford,F350,"$73,923.76"
819,Meryl,2022-06-29 00:00:00,United States,,,819,Chevrolet,Suburban 1500,"$11,163.15"
820,Priscilla,2022-07-20 00:00:00,Albania,pobraddenmp@nba.com,,820,Oldsmobile,98,"$82,481.09"
821,Rice,2022-07-14 00:00:00,Yemen,,,821,Ford,Econoline E150,"$21,116.15"
822,Maura,2022-01-15 00:00:00,Philippines,msoaresmr@fastcompany.com,,822,Mazda,MX-5,"$74,219.04"
823,Davy,2022-09-12 00:00:00,Senegal,daggusms@friendfeed.com,,823,Pontiac,Grand Prix,"$37,624.57"
824,Britte,2022-01-17 00:00:00,Poland,,,824,Suzuki,Samurai,"$74,574.24"
825,Honoria,2022-02-06 00:00:00,France,hspreymu@jiathis.com,,825,Mazda,Millenia,"$57,958.80"
826,Angus,2021-11-29 00:00:00,Honduras,avenningmv@about.com,,826,Mazda,CX-9,"$58,723.61"
827,Kalle,2021-12-10 00:00:00,Sweden,kcaseleymw@npr.org,,827,Mazda,MX-6,"$86,453.96"
828,Denys,2022-10-27 00:00:00,Indonesia,,,828,Mitsubishi,Lancer,"$34,773.55"
829,Damita,2022-10-13 00:00:00,Indonesia,dbrufordmy@domainmarket.com,,829,Hyundai,Elantra,"$34,834.54"
830,Mavis,2022-06-07 00:00:00,Sweden,,,830,Nissan,Murano,"$54,994.47"
831,Luelle,2022-06-22 00:00:00,Russia,,,831,Mitsubishi,Galant,"$79,330.99"
832,Leona,2022-11-02 00:00:00,Colombia,lsisnettn1@nba.com,,832,Toyota,Camry,"$17,644.03"
833,Thibaut,2022-04-12 00:00:00,Bosnia and Herzegovina,tnowlann2@ed.gov,,833,Maserati,Quattroporte,"$75,228.57"
834,Conrad,2022-01-17 00:00:00,Indonesia,cghelardonin3@dagondesign.com,,834,Pontiac,Sunfire,"$34,600.75"
835,Valle,2022-01-15 00:00:00,China,,,835,Lincoln,Mark VIII,"$54,070.41"
836,Katrinka,2022-07-04 00:00:00,China,kpiwelln5@utexas.edu,,836,Honda,Insight,"$46,091.03"
837,Alida,2022-02-24 00:00:00,Haiti,ahugkn6@163.com,,837,Bugatti,Veyron,"$39,485.31"
838,Conn,2022-08-10 00:00:00,China,cfurmagiern7@java.com,,838,Maybach,57,"$89,578.83"
839,Stacie,2022-02-21 00:00:00,China,sholbyn8@deviantart.com,,839,Lotus,Esprit,"$31,241.30"
840,Chelsea,2022-11-06 00:00:00,Angola,,,840,Dodge,Durango,"$34,038.27"
841,Adora,2022-05-05 00:00:00,Philippines,atremathickna@wp.com,,841,Dodge,Ram 2500,"$38,930.08"
842,Herold,2022-08-10 00:00:00,China,hattrillnb@yandex.ru,,842,Infiniti,J,"$19,218.53"
843,Ashly,2022-08-29 00:00:00,Morocco,ahannentnc@constantcontact.com,,843,Volvo,XC70,"$35,652.94"
844,Jameson,2022-03-18 00:00:00,Russia,jduchatelnd@wunderground.com,,844,Pontiac,Sunbird,"$90,124.25"
845,Audrye,2022-04-13 00:00:00,Ireland,aheindlne@pen.io,,845,Honda,Accord Crosstour,"$55,617.99"
846,Barny,2022-01-10 00:00:00,Armenia,bdwanenf@google.es,,846,BMW,Z4,"$90,984.42"
847,Loralyn,2022-08-27 00:00:00,Japan,,,847,Toyota,Paseo,"$39,680.85"
848,Richard,2021-12-10 00:00:00,Philippines,rroughleynh@moonfruit.com,,848,Mercedes-Benz,C-Class,"$32,631.85"
849,Filippo,2022-05-02 00:00:00,China,,,849,Hyundai,Sonata,"$93,070.00"
850,Eugene,2022-01-16 00:00:00,Bosnia and Herzegovina,eallawynj@de.vu,,850,Mercedes-Benz,S-Class,"$72,760.13"
851,Corrina,2022-07-27 00:00:00,Indonesia,cbasilottank@histats.com,,851,Volkswagen,Eurovan,"$99,812.08"
852,Raff,2022-04-01 00:00:00,Canada,rweatherdonnl@dyndns.org,,852,Ford,Laser,"$46,810.56"
853,Hilliard,2022-10-29 00:00:00,Indonesia,hburrusnm@furl.net,,853,GMC,Vandura 3500,"$59,039.00"
854,Fletcher,2022-01-13 00:00:00,Nigeria,,,854,Chevrolet,Impala,"$76,000.60"
855,Dieter,2022-06-26 00:00:00,China,dgarriockno@parallels.com,,855,GMC,Suburban 1500,"$30,076.79"
856,Anitra,2022-05-17 00:00:00,Indonesia,arobertznp@cdbaby.com,,856,Cadillac,STS-V,"$51,572.51"
857,Walt,2022-02-26 00:00:00,Egypt,,,857,Pontiac,Grand Prix,"$12,939.91"
858,Dulci,2022-06-06 00:00:00,Argentina,dincognanr@irs.gov,,858,GMC,Acadia,"$79,277.73"
859,Connie,2022-03-18 00:00:00,China,,,859,Honda,Accord,"$75,843.24"
860,Judie,2022-05-29 00:00:00,Ukraine,jcicettint@oracle.com,,860,Jeep,Liberty,"$91,514.88"
861,Christiane,2022-08-15 00:00:00,Poland,cjordansonnu@hao123.com,,861,Chevrolet,S10,"$14,377.09"
862,Cristin,2022-09-03 00:00:00,Indonesia,cfenningnv@geocities.jp,,862,Nissan,GT-R,"$38,382.80"
863,Stacia,2022-09-03 00:00:00,Indonesia,,,863,Lincoln,Continental,"$32,431.17"
864,Genny,2022-03-25 00:00:00,China,gpaylernx@wordpress.org,,864,BMW,M6,"$44,395.41"
865,Sidonia,2022-01-13 00:00:00,Peru,,,865,GMC,Envoy,"$17,699.14"
866,Ulrika,2022-04-23 00:00:00,Philippines,uahearnenz@mtv.com,,866,Chevrolet,HHR,"$40,321.13"
867,Lesly,2022-09-19 00:00:00,China,,,867,Buick,Century,"$52,928.72"
868,Joella,2022-07-18 00:00:00,Japan,jvenmoreo1@loc.gov,,868,Honda,CR-V,"$86,981.77"
869,Baxie,2022-07-12 00:00:00,Sweden,bflago2@thetimes.co.uk,,869,Volkswagen,Touareg 2,"$52,684.09"
870,Irina,2022-04-11 00:00:00,Indonesia,,,870,Chevrolet,Corvette,"$80,224.87"
871,Engracia,2021-12-11 00:00:00,Russia,ebrisleno4@cargocollective.com,,871,Chrysler,Concorde,"$33,962.96"
872,Humphrey,2022-04-04 00:00:00,China,,,872,Lexus,LX,"$15,355.29"
873,Renie,2022-03-25 00:00:00,Brazil,,,873,Subaru,Outback,"$71,612.54"
874,Sigismond,2022-09-23 00:00:00,Japan,scambdeno7@howstuffworks.com,,874,Audi,TT,"$92,780.87"
875,Vivienne,2022-01-30 00:00:00,Philippines,,,875,Saab,9-5,"$63,783.81"
876,Ashbey,2022-02-08 00:00:00,China,aflodeo9@cbslocal.com,,876,Mitsubishi,Expo,"$88,743.37"
877,Arte,2022-03-12 00:00:00,Sweden,amoffettoa@ted.com,,877,Acura,TL,"$15,233.74"
878,Elisabetta,2022-01-25 00:00:00,China,,,878,Hyundai,Santa Fe,"$57,030.60"
879,Glenda,2022-11-05 00:00:00,Philippines,,,879,Mercury,Tracer,"$18,997.90"
880,Kial,2022-01-08 00:00:00,Portugal,kgianelliod@nature.com,,880,Chevrolet,Corsica,"$31,736.15"
881,Jarrad,2022-07-20 00:00:00,Philippines,,,881,Mazda,MX-5,"$62,867.97"
882,Jerrie,2022-06-14 00:00:00,China,jvelezof@businesswire.com,,882,Saturn,VUE,"$83,569.17"
883,Kessiah,2022-05-07 00:00:00,Palestinian Territory,,,883,Chevrolet,Suburban,"$46,713.30"
884,Rollie,2022-10-13 00:00:00,Indonesia,,,884,Mitsubishi,Raider,"$11,150.99"
885,Crissie,2022-01-14 00:00:00,Peru,cfineoi@apache.org,,885,Lotus,Esprit,"$72,444.24"
886,Tris,2022-01-24 00:00:00,Philippines,,,886,Hyundai,Sonata,"$82,825.56"
887,Cherish,2022-01-26 00:00:00,Indonesia,,,887,Land Rover,Discovery,"$67,374.27"
888,Cristen,2021-11-14 00:00:00,China,cgeareol@java.com,,888,Ford,F450,"$75,668.99"
889,Kala,2022-04-09 00:00:00,France,,,889,Buick,Somerset,"$95,137.47"
890,Riannon,2021-11-27 00:00:00,China,rbrymhamon@tinypic.com,,890,Isuzu,Trooper,"$69,384.09"
891,Barnabas,2021-12-20 00:00:00,Philippines,bmckeonoo@sakura.ne.jp,,891,Kia,Sorento,"$64,705.95"
892,Simone,2022-01-24 00:00:00,Denmark,swarlowop@bloglines.com,,892,Austin,Mini,"$57,098.47"
893,Dido,2021-11-21 00:00:00,Peru,ddarycottoq@myspace.com,,893,Jaguar,XJ Series,"$33,862.10"
894,Reggi,2022-05-04 00:00:00,Colombia,rlivingsor@senate.gov,,894,Suzuki,SJ,"$90,964.52"
895,Shaylyn,2022-10-12 00:00:00,France,,,895,Land Rover,Range Rover Sport,"$89,768.51"
896,Batsheva,2022-09-10 00:00:00,Greece,bkendellot@ovh.net,,896,Suzuki,Swift,"$75,075.61"
897,Annabelle,2022-07-08 00:00:00,Tanzania,agrimblebyou@slashdot.org,,897,Volkswagen,New Beetle,"$74,316.11"
898,Phebe,2021-11-20 00:00:00,Peru,pleguinov@topsy.com,,898,Chrysler,300M,"$26,245.15"
899,Daffy,2022-03-25 00:00:00,North Korea,dtutherow@nbcnews.com,,899,Chevrolet,Silverado,"$51,698.63"
900,Cheri,2022-08-03 00:00:00,Philippines,cmintyox@huffingtonpost.com,,900,Nissan,Maxima,"$24,872.46"
901,Halsey,2022-07-31 00:00:00,Portugal,hindruchoy@blogger.com,,901,Ford,Festiva,"$68,801.23"
902,Leela,2022-01-18 00:00:00,Indonesia,lhatchelloz@mysql.com,,902,Lexus,LX,"$64,010.48"
903,Trixy,2022-06-16 00:00:00,Indonesia,,,903,Suzuki,Swift,"$78,754.81"
904,Michal,2021-12-20 00:00:00,Peru,mlancettp1@w3.org,,904,Mitsubishi,Challenger,"$43,666.01"
905,Agna,2021-12-09 00:00:00,Brazil,anesbitp2@issuu.com,,905,Suzuki,SX4,"$23,583.97"
906,Rowland,2022-07-06 00:00:00,Peru,rnorawayp3@berkeley.edu,,906,Toyota,Avalon,"$70,720.21"
907,Stefa,2022-10-11 00:00:00,United States,,,907,Lincoln,Town Car,"$73,330.77"
908,Nat,2022-10-25 00:00:00,Hong Kong,nkydp5@nbcnews.com,,908,Pontiac,LeMans,"$36,253.96"
909,Cicely,2022-10-13 00:00:00,Mozambique,cpoulsomp6@multiply.com,,909,Honda,Civic,"$53,564.76"
910,Babb,2022-09-26 00:00:00,Comoros,,,910,Mitsubishi,Raider,"$68,766.54"
911,Guillemette,2022-05-15 00:00:00,Indonesia,,,911,Pontiac,Sunfire,"$44,548.23"
912,Maire,2022-08-03 00:00:00,Russia,mthurbyp9@exblog.jp,,912,Plymouth,Sundance,"$97,945.82"
913,Cissiee,2022-05-30 00:00:00,Serbia,,,913,GMC,Suburban 1500,"$55,039.43"
914,Cristen,2022-10-16 00:00:00,Portugal,ckelwaypb@japanpost.jp,,914,Lexus,LS,"$80,499.83"
915,Aurelea,2022-02-15 00:00:00,Mexico,acashinpc@kickstarter.com,,915,Ford,F150,"$25,189.98"
916,Pauly,2022-06-26 00:00:00,Colombia,pbarnevillepd@domainmarket.com,,916,Toyota,Tacoma,"$18,953.96"
917,Kriste,2022-03-05 00:00:00,Russia,ksainsburype@ca.gov,,917,Suzuki,Grand Vitara,"$45,689.66"
918,Jody,2022-09-18 00:00:00,Russia,jgavaghanpf@foxnews.com,,918,Infiniti,G35,"$85,633.51"
919,Allyce,2022-04-29 00:00:00,Russia,,,919,Toyota,Tacoma Xtra,"$79,885.40"
920,Gusella,2022-08-15 00:00:00,France,,,920,Mazda,Miata MX-5,"$39,193.71"
921,Maggi,2022-07-04 00:00:00,China,mscotchmoorpi@foxnews.com,,921,Chrysler,Cirrus,"$66,520.90"
922,Moshe,2022-03-21 00:00:00,China,mllopispj@symantec.com,,922,Mercedes-Benz,CLS-Class,"$96,561.36"
923,Tedd,2022-04-22 00:00:00,Indonesia,,,923,Mercedes-Benz,CLS-Class,"$37,830.71"
924,Nobe,2022-02-25 00:00:00,China,npochinpl@yellowbook.com,,924,Chevrolet,Camaro,"$14,200.87"
925,Maryellen,2022-05-23 00:00:00,Russia,mcourspm@e-recht24.de,,925,GMC,Sonoma Club,"$70,269.39"
926,Kimmi,2022-09-06 00:00:00,Latvia,kseggespn@goo.ne.jp,,926,Oldsmobile,Cutlass,"$11,508.89"
927,Fran,2022-10-04 00:00:00,Philippines,,,927,Toyota,Tundra,"$28,972.20"
928,Lanette,2022-09-25 00:00:00,Poland,lsimunekpp@diigo.com,,928,Pontiac,Sunbird,"$67,363.16"
929,Ardelle,2022-01-07 00:00:00,Indonesia,aleppingtonpq@slideshare.net,,929,Land Rover,Freelander,"$59,598.57"
930,Dorthy,2021-12-08 00:00:00,Russia,dvertiganpr@nps.gov,,930,Audi,S4,"$16,325.94"
931,Dion,2021-11-22 00:00:00,Papua New Guinea,dstrobanps@google.de,,931,Ford,Escape,"$93,956.92"
932,Molly,2022-04-10 00:00:00,France,mdavenportpt@wired.com,,932,Plymouth,Laser,"$68,657.93"
933,Peg,2022-02-10 00:00:00,China,phawkespu@senate.gov,,933,Mitsubishi,Galant,"$21,559.55"
934,Wallis,2022-04-22 00:00:00,Poland,wfootittpv@csmonitor.com,,934,Ford,Focus,"$67,939.49"
935,Birgitta,2021-12-23 00:00:00,Dominican Republic,bamblerpw@un.org,,935,Dodge,Stratus,"$34,491.42"
936,Jud,2022-03-14 00:00:00,France,jswadlingepx@posterous.com,,936,Dodge,Caravan,"$85,708.69"
937,Tarah,2022-05-02 00:00:00,Libya,,,937,Porsche,Cayenne,"$11,091.20"
938,Ann,2021-11-18 00:00:00,China,,,938,Ford,Econoline E350,"$99,637.82"
939,Addie,2022-07-06 00:00:00,Ukraine,,,939,Ford,Focus,"$13,594.35"
940,Anjanette,2022-04-29 00:00:00,Indonesia,,,940,Acura,TL,"$74,456.33"
941,Constantine,2022-05-21 00:00:00,China,cpyrtonq2@dailymail.co.uk,,941,Chevrolet,Express 1500,"$91,340.96"
942,Brade,2022-07-11 00:00:00,France,,,942,Ford,F150,"$59,655.33"
943,Riordan,2022-01-05 00:00:00,Norway,rludeq4@hugedomains.com,,943,Lincoln,Continental,"$64,627.33"
944,Ossie,2021-12-09 00:00:00,Czech Republic,,,944,Volvo,850,"$76,675.50"
945,Dov,2022-09-27 00:00:00,Pakistan,,,945,Audi,Coupe GT,"$59,852.04"
946,Pepi,2022-02-21 00:00:00,China,,,946,BMW,8 Series,"$66,827.23"
947,Cacilia,2022-01-26 00:00:00,China,cpeermanq8@auda.org.au,,947,Mitsubishi,Mirage,"$53,967.21"
948,Venita,2022-03-05 00:00:00,China,,,948,Dodge,Viper,"$78,268.44"
949,Clemmie,2022-02-04 00:00:00,Japan,cparramoreqa@edublogs.org,,949,BMW,3 Series,"$33,531.82"
950,Bryan,2022-02-06 00:00:00,France,bshowlqb@illinois.edu,,950,Dodge,Dakota,"$72,646.27"
951,Cyndy,2022-06-26 00:00:00,Brazil,cstappardqc@ycombinator.com,,951,Chrysler,Town & Country,"$97,694.41"
952,Gwennie,2021-12-29 00:00:00,China,,,952,Toyota,Prius,"$56,459.58"
953,Frazer,2021-11-29 00:00:00,Venezuela,fwoodroughqe@squarespace.com,,953,Nissan,Murano,"$92,582.56"
954,Lanny,2022-07-29 00:00:00,United States,lshervingtonqf@nba.com,,954,Mercury,Topaz,"$11,921.53"
955,Estella,2022-10-17 00:00:00,Belarus,ebranchflowerqg@youtu.be,,955,Chevrolet,Tahoe,"$89,281.64"
956,Gardy,2022-08-14 00:00:00,China,,,956,Dodge,Stratus,"$31,134.73"
957,Gabbie,2022-02-28 00:00:00,Philippines,gbaynesqi@sciencedirect.com,,957,Suzuki,Esteem,"$41,814.17"
958,Lelia,2022-03-30 00:00:00,Australia,lfaneqj@g.co,,958,Land Rover,Range Rover,"$90,786.30"
959,Aaren,2022-02-13 00:00:00,Japan,,,959,Hyundai,Accent,"$23,016.94"
960,Hermina,2022-07-26 00:00:00,Somalia,hskermerql@cbc.ca,,960,Chevrolet,Monte Carlo,"$26,233.00"
961,Margit,2022-08-06 00:00:00,Indonesia,mandreyqm@acquirethisname.com,,961,Mercedes-Benz,W201,"$44,874.11"
962,Elianore,2022-01-14 00:00:00,Indonesia,epeckittqn@xing.com,,962,Buick,Enclave,"$91,026.27"
963,Winny,2022-04-27 00:00:00,China,wknappeqo@geocities.com,,963,Ford,Contour,"$13,192.42"
964,Daren,2022-01-08 00:00:00,China,,,964,Subaru,Leone,"$25,183.68"
965,Gerianne,2022-07-16 00:00:00,Paraguay,gwilacotqq@hud.gov,,965,Porsche,Boxster,"$27,472.32"
966,Pascal,2022-02-06 00:00:00,Russia,plintheadqr@tuttocitta.it,,966,Mitsubishi,Montero,"$77,096.26"
967,Thatcher,2022-04-02 00:00:00,Portugal,tpordalqs@sogou.com,,967,Mitsubishi,Tredia,"$77,523.27"
968,Christal,2022-01-09 00:00:00,France,cmaccorkellqt@163.com,,968,Ford,E-Series,"$50,803.50"
969,Fabian,2022-09-14 00:00:00,France,fdudderidgequ@illinois.edu,,969,Chevrolet,Corvette,"$76,637.79"
970,Taite,2022-02-04 00:00:00,Russia,,,970,Volkswagen,GTI,"$47,373.88"
971,Milo,2022-05-14 00:00:00,Colombia,mluquetqw@dailymail.co.uk,,971,Mazda,MPV,"$30,252.37"
972,Somerset,2022-09-01 00:00:00,Germany,sglynqx@alexa.com,,972,Volvo,850,"$98,324.01"
973,Althea,2022-10-07 00:00:00,China,,,973,Mercury,Sable,"$22,323.12"
974,Jillane,2022-10-16 00:00:00,Chile,jpickersailqz@discovery.com,,974,Isuzu,Rodeo,"$25,194.19"
975,Branden,2022-04-09 00:00:00,Paraguay,bkittleyr0@dailymail.co.uk,,975,Mazda,MX-6,"$75,988.02"
976,Katleen,2022-04-16 00:00:00,Ukraine,ktizzardr1@reuters.com,,976,Toyota,Highlander,"$39,457.87"
977,Melvin,2022-08-23 00:00:00,Thailand,,,977,Dodge,Monaco,"$26,935.67"
978,Elberta,2022-02-07 00:00:00,China,eisleyr3@ehow.com,,978,Plymouth,Voyager,"$54,810.02"
979,Angele,2022-03-11 00:00:00,Zimbabwe,adevaenr4@reference.com,,979,Chevrolet,Blazer,"$74,289.27"
980,Lizzie,2022-07-09 00:00:00,China,lauchterlonyr5@whitehouse.gov,,980,Ford,E350,"$34,453.23"
981,Kathe,2022-03-21 00:00:00,Honduras,kgooderridger6@bravesites.com,,981,Eagle,Vision,"$78,506.01"
982,Jaymee,2022-01-05 00:00:00,Ireland,jmeaseyr7@storify.com,,982,Dodge,Grand Caravan,"$44,926.28"
983,Balduin,2022-05-08 00:00:00,China,bpanichellir8@upenn.edu,,983,BMW,Z8,"$75,963.08"
984,Suzy,2022-04-16 00:00:00,Bangladesh,swellerr9@reverbnation.com,,984,Chevrolet,TrailBlazer,"$88,891.19"
985,Marlow,2021-11-29 00:00:00,Japan,morrillra@wordpress.com,,985,Audi,S8,"$28,651.79"
986,Collin,2022-07-02 00:00:00,Indonesia,cstanyerrb@google.com.br,,986,Isuzu,Rodeo,"$72,771.43"
987,Mala,2021-11-14 00:00:00,Afghanistan,mricharzrc@sogou.com,,987,Pontiac,Firebird,"$57,199.86"
988,Tate,2022-09-01 00:00:00,Uzbekistan,tdezuanird@webeden.co.uk,,988,Mercury,Topaz,"$14,991.78"
989,Bjorn,2022-01-29 00:00:00,Sierra Leone,bmaccartre@sphinn.com,,989,Bentley,Continental,"$85,500.54"
990,Rosa,2021-11-27 00:00:00,France,rvallentinerf@hugedomains.com,,990,Jaguar,X-Type,"$94,358.02"
991,Lucy,2022-07-15 00:00:00,Mexico,lbuxseyrg@google.cn,,991,Dodge,Caravan,"$70,074.78"
992,Thekla,2022-10-10 00:00:00,Germany,tdanbrookrh@dailymotion.com,,992,Volkswagen,Golf,"$80,801.73"
993,Obie,2022-04-05 00:00:00,Greece,odoblinri@ow.ly,,993,Chrysler,Concorde,"$68,437.08"
994,Gavin,2022-09-18 00:00:00,China,gmoundrj@simplemachines.org,,994,Dodge,Dakota Club,"$50,473.10"
995,Alexei,2022-10-29 00:00:00,Micronesia,,,995,Chevrolet,Camaro,"$70,867.56"
996,Adda,2022-10-16 00:00:00,Sweden,aarckollrl@narod.ru,,996,BMW,M3,"$73,177.29"
997,Hall,2022-03-20 00:00:00,Poland,hstollenbeckrm@hc360.com,,997,MINI,Cooper,"$57,313.51"
998,Megan,2022-06-19 00:00:00,Indonesia,mkomorowskirn@state.gov,,998,Ford,E350,"$51,278.63"
999,Consolata,2022-06-02 00:00:00,Cameroon,cgiacobilloro@examiner.com,,999,Volkswagen,GTI,"$20,243.15"
1000,Kassie,2022-04-10 00:00:00,Russia,,,1000,Dodge,D250,"$53,354.22"
1002,Frederica,2022-01-15 00:00:00,Mexico,,,,,,
1,jiad,1998-06-26 00:00:00,france,jiad@gmail.com,1,1,Scion,tC,"$88,314.40"
2,tusher,1998-06-26 00:00:00,france,jiad@gmail.com,2,2,Mercury,Cougar,"$89,777.19"
